race,date,meanIncome,county,MOE
White,2010,33241,Albany,1928
White,2010,22236,Bronx,872
White,2010,24295,Broome,1039
White,2010,21512,Cattaraugus,1317
White,2010,23627,Cayuga,944
White,2010,21023,Chautauqua,881
White,2010,25289,Chemung,1830
White,2010,22826,Clinton,1320
White,2010,33524,Dutchess,1352
White,2010,27744,Erie,519
White,2010,23314,Jefferson,1582
White,2010,28369,Kings,725
White,2010,23001,Livingston,1377
White,2010,24276,Madison,1528
White,2010,30222,Monroe,815
White,2010,45317,Nassau,1124
White,2010,77052,New York,2466
White,2010,25634,Niagara,1068
White,2010,24939,Oneida,925
White,2010,29748,Onondaga,1000
White,2010,30563,Ontario,2400
White,2010,29873,Orange,980
White,2010,22062,Oswego,1313
White,2010,37698,Putnam,2568
White,2010,28921,Queens,673
White,2010,29193,Rensselaer,1249
White,2010,32801,Richmond,1376
White,2010,35337,Rockland,1331
White,2010,22585,St. Lawrence,1533
White,2010,33724,Saratoga,1587
White,2010,29454,Schenectady,1409
White,2010,24515,Steuben,1413
White,2010,37664,Suffolk,734
White,2010,25410,Sullivan,1826
White,2010,27630,Tompkins,1653
White,2010,28476,Ulster,1276
White,2010,0,Warren,0
White,2010,24979,Wayne,1325
White,2010,54883,Westchester,1700
All,2010,29914,Albany,1499
All,2010,16671,Bronx,356
All,2010,23066,Broome,964
All,2010,21084,Cattaraugus,1268
All,2010,22629,Cayuga,912
All,2010,20358,Chautauqua,823
All,2010,24437,Chemung,1745
All,2010,21666,Clinton,1190
All,2010,31796,Dutchess,1221
All,2010,25387,Erie,426
All,2010,22514,Jefferson,1388
All,2010,23218,Kings,431
All,2010,22516,Livingston,1353
All,2010,23661,Madison,1541
All,2010,26805,Monroe,693
All,2010,39935,Nassau,893
All,2010,56556,New York,1440
All,2010,24292,Niagara,986
All,2010,23043,Oneida,862
All,2010,26908,Onondaga,818
All,2010,29436,Ontario,2249
All,2010,27862,Orange,783
All,2010,21648,Oswego,1298
All,2010,35526,Putnam,2604
All,2010,24530,Queens,390
All,2010,27443,Rensselaer,1122
All,2010,30122,Richmond,1090
All,2010,33228,Rockland,1222
All,2010,22056,St. Lawrence,1416
All,2010,33155,Saratoga,1552
All,2010,26512,Schenectady,1185
All,2010,24435,Steuben,1439
All,2010,34582,Suffolk,614
All,2010,23547,Sullivan,1636
All,2010,25041,Tompkins,1436
All,2010,26701,Ulster,1217
All,2010,28360,Warren,1780
All,2010,24337,Wayne,1323
All,2010,45554,Westchester,1281
Asian,2010,25427,Albany,5606
Asian,2010,21288,Bronx,2588
Asian,2010,15398,Broome,5542
Asian,2010,16512,Cattaraugus,14182
Asian,2010,18039,Cayuga,9182
Asian,2010,10762,Chautauqua,7212
Asian,2010,0,Chemung,0
Asian,2010,9486,Clinton,6094
Asian,2010,41911,Dutchess,9844
Asian,2010,22360,Erie,4492
Asian,2010,28596,Jefferson,20604
Asian,2010,18124,Kings,902
Asian,2010,0,Livingston,0
Asian,2010,0,Madison,0
Asian,2010,20369,Monroe,3162
Asian,2010,33382,Nassau,2548
Asian,2010,50899,New York,4233
Asian,2010,14406,Niagara,6806
Asian,2010,13793,Oneida,3361
Asian,2010,20036,Onondaga,3779
Asian,2010,15532,Ontario,10465
Asian,2010,33796,Orange,7917
Asian,2010,10541,Oswego,5153
Asian,2010,47865,Putnam,28302
Asian,2010,22096,Queens,901
Asian,2010,14474,Rensselaer,4621
Asian,2010,23700,Richmond,2420
Asian,2010,37222,Rockland,5738
Asian,2010,24333,St. Lawrence,7319
Asian,2010,48191,Saratoga,16991
Asian,2010,21611,Schenectady,9215
Asian,2010,42979,Steuben,14792
Asian,2010,31134,Suffolk,3431
Asian,2010,28781,Sullivan,12895
Asian,2010,15131,Tompkins,3824
Asian,2010,14332,Ulster,9267
Asian,2010,0,Warren,0
Asian,2010,0,Wayne,0
Asian,2010,53234,Westchester,5518
Mixed,2010,12511,Albany,7091
Mixed,2010,12232,Bronx,1541
Mixed,2010,14985,Broome,7106
Mixed,2010,15482,Cattaraugus,8933
Mixed,2010,6103,Cayuga,4508
Mixed,2010,5197,Chautauqua,2831
Mixed,2010,6381,Chemung,4437
Mixed,2010,0,Clinton,0
Mixed,2010,23520,Dutchess,19454
Mixed,2010,12719,Erie,3752
Mixed,2010,9896,Jefferson,4069
Mixed,2010,17681,Kings,3196
Mixed,2010,13279,Livingston,7948
Mixed,2010,5822,Madison,3757
Mixed,2010,8855,Monroe,2699
Mixed,2010,23201,Nassau,6687
Mixed,2010,24954,New York,3068
Mixed,2010,11234,Niagara,3759
Mixed,2010,8445,Oneida,2547
Mixed,2010,11245,Onondaga,3326
Mixed,2010,5634,Ontario,3086
Mixed,2010,9354,Orange,4442
Mixed,2010,9195,Oswego,4872
Mixed,2010,7138,Putnam,4216
Mixed,2010,19199,Queens,1684
Mixed,2010,13768,Rensselaer,4396
Mixed,2010,21188,Richmond,6881
Mixed,2010,29461,Rockland,11597
Mixed,2010,18847,St. Lawrence,5689
Mixed,2010,13071,Saratoga,5744
Mixed,2010,4935,Schenectady,2421
Mixed,2010,10160,Steuben,5045
Mixed,2010,14324,Suffolk,2442
Mixed,2010,19650,Sullivan,10219
Mixed,2010,12776,Tompkins,5297
Mixed,2010,12104,Ulster,7197
Mixed,2010,0,Warren,0
Mixed,2010,8171,Wayne,6444
Mixed,2010,17424,Westchester,2765
Black,2010,15813,Albany,1796
Black,2010,16645,Bronx,648
Black,2010,10200,Broome,2871
Black,2010,12155,Cattaraugus,4861
Black,2010,5073,Cayuga,3229
Black,2010,11424,Chautauqua,5313
Black,2010,20991,Chemung,10927
Black,2010,4468,Clinton,3829
Black,2010,21593,Dutchess,3027
Black,2010,15443,Erie,1157
Black,2010,18138,Jefferson,6896
Black,2010,20435,Kings,819
Black,2010,0,Livingston,0
Black,2010,0,Madison,0
Black,2010,15323,Monroe,2268
Black,2010,25622,Nassau,1363
Black,2010,22828,New York,1596
Black,2010,13518,Niagara,2744
Black,2010,10153,Oneida,3097
Black,2010,13992,Onondaga,1835
Black,2010,16566,Ontario,7770
Black,2010,24011,Orange,2403
Black,2010,14321,Oswego,7080
Black,2010,32877,Putnam,15557
Black,2010,22920,Queens,660
Black,2010,14633,Rensselaer,3810
Black,2010,21368,Richmond,2610
Black,2010,27261,Rockland,4680
Black,2010,5752,St. Lawrence,4113
Black,2010,22742,Saratoga,7889
Black,2010,13693,Schenectady,2153
Black,2010,12097,Steuben,5326
Black,2010,23313,Suffolk,1558
Black,2010,13187,Sullivan,4414
Black,2010,9799,Tompkins,4725
Black,2010,15303,Ulster,2779
Black,2010,0,Warren,0
Black,2010,14420,Wayne,6274
Black,2010,28317,Westchester,2637
Latino,2010,18111,Albany,2998
Latino,2010,13610,Bronx,493
Latino,2010,8591,Broome,2366
Latino,2010,13115,Cattaraugus,7645
Latino,2010,5077,Cayuga,2897
Latino,2010,10240,Chautauqua,2216
Latino,2010,11268,Chemung,6079
Latino,2010,10533,Clinton,4484
Latino,2010,21808,Dutchess,3801
Latino,2010,14000,Erie,1671
Latino,2010,15453,Jefferson,3313
Latino,2010,15603,Kings,613
Latino,2010,13683,Livingston,8232
Latino,2010,7278,Madison,3925
Latino,2010,13408,Monroe,1596
Latino,2010,20642,Nassau,1081
Latino,2010,20276,New York,1473
Latino,2010,18445,Niagara,8540
Latino,2010,8740,Oneida,2357
Latino,2010,11957,Onondaga,2268
Latino,2010,13610,Ontario,5831
Latino,2010,19111,Orange,1396
Latino,2010,7128,Oswego,5775
Latino,2010,17050,Putnam,7320
Latino,2010,19088,Queens,541
Latino,2010,8200,Rensselaer,2389
Latino,2010,21123,Richmond,2622
Latino,2010,21480,Rockland,1768
Latino,2010,13352,St. Lawrence,7103
Latino,2010,21710,Saratoga,8051
Latino,2010,12011,Schenectady,2199
Latino,2010,19704,Steuben,14887
Latino,2010,18853,Suffolk,751
Latino,2010,17768,Sullivan,3531
Latino,2010,16463,Tompkins,7374
Latino,2010,15486,Ulster,2629
Latino,2010,0,Warren,0
Latino,2010,10190,Wayne,4335
Latino,2010,18863,Westchester,1286
Native,2010,25723,Albany,7709
Native,2010,12330,Bronx,3980
Native,2010,32277,Broome,20480
Native,2010,17559,Cattaraugus,4831
Native,2010,0,Cayuga,0
Native,2010,17481,Chautauqua,7513
Native,2010,0,Chemung,0
Native,2010,0,Clinton,0
Native,2010,22591,Dutchess,7224
Native,2010,15364,Erie,4616
Native,2010,11435,Jefferson,9342
Native,2010,14259,Kings,3392
Native,2010,0,Livingston,0
Native,2010,0,Madison,0
Native,2010,28665,Monroe,20279
Native,2010,21530,Nassau,7614
Native,2010,16416,New York,5275
Native,2010,22658,Niagara,5895
Native,2010,25460,Oneida,10958
Native,2010,18981,Onondaga,4944
Native,2010,15118,Ontario,6410
Native,2010,34594,Orange,17465
Native,2010,10868,Oswego,10676
Native,2010,0,Putnam,0
Native,2010,19690,Queens,7864
Native,2010,16400,Rensselaer,9268
Native,2010,0,Richmond,0
Native,2010,31982,Rockland,22521
Native,2010,19566,St. Lawrence,9583
Native,2010,0,Saratoga,0
Native,2010,13996,Schenectady,9712
Native,2010,0,Steuben,0
Native,2010,21579,Suffolk,11201
Native,2010,0,Sullivan,0
Native,2010,0,Tompkins,0
Native,2010,0,Ulster,0
Native,2010,0,Warren,0
Native,2010,0,Wayne,0
Native,2010,30958,Westchester,8389
Other,2010,18575,Albany,6563
Other,2010,13088,Bronx,626
Other,2010,10855,Broome,7712
Other,2010,0,Cattaraugus,0
Other,2010,0,Cayuga,0
Other,2010,17194,Chautauqua,5617
Other,2010,0,Chemung,0
Other,2010,0,Clinton,0
Other,2010,18334,Dutchess,4276
Other,2010,12671,Erie,4667
Other,2010,13573,Jefferson,4016
Other,2010,14883,Kings,1029
Other,2010,26676,Livingston,2409
Other,2010,0,Madison,0
Other,2010,13731,Monroe,2619
Other,2010,19012,Nassau,1870
Other,2010,16764,New York,2099
Other,2010,0,Niagara,0
Other,2010,7490,Oneida,2795
Other,2010,7781,Onondaga,3059
Other,2010,0,Ontario,0
Other,2010,18382,Orange,2897
Other,2010,0,Oswego,0
Other,2010,14046,Putnam,6295
Other,2010,17971,Queens,914
Other,2010,18005,Rensselaer,8254
Other,2010,17487,Richmond,5425
Other,2010,17485,Rockland,2561
Other,2010,1457,St. Lawrence,698
Other,2010,15865,Saratoga,8435
Other,2010,10701,Schenectady,3108
Other,2010,0,Steuben,0
Other,2010,16252,Suffolk,1466
Other,2010,17205,Sullivan,5956
Other,2010,0,Tompkins,0
Other,2010,12887,Ulster,4145
Other,2010,0,Warren,0
Other,2010,0,Wayne,0
Other,2010,14881,Westchester,1198
Islander,2010,0,Albany,0
Islander,2010,0,Bronx,0
Islander,2010,0,Broome,0
Islander,2010,0,Cattaraugus,0
Islander,2010,0,Cayuga,0
Islander,2010,0,Chautauqua,0
Islander,2010,0,Chemung,0
Islander,2010,0,Clinton,0
Islander,2010,0,Dutchess,0
Islander,2010,0,Erie,0
Islander,2010,0,Jefferson,0
Islander,2010,22507,Kings,6507
Islander,2010,0,Livingston,0
Islander,2010,0,Madison,0
Islander,2010,0,Monroe,0
Islander,2010,0,Nassau,0
Islander,2010,0,New York,0
Islander,2010,0,Niagara,0
Islander,2010,0,Oneida,0
Islander,2010,0,Onondaga,0
Islander,2010,0,Ontario,0
Islander,2010,0,Orange,0
Islander,2010,0,Oswego,0
Islander,2010,0,Putnam,0
Islander,2010,0,Queens,0
Islander,2010,0,Rensselaer,0
Islander,2010,0,Richmond,0
Islander,2010,0,Rockland,0
Islander,2010,0,St. Lawrence,0
Islander,2010,0,Saratoga,0
Islander,2010,0,Schenectady,0
Islander,2010,0,Steuben,0
Islander,2010,0,Suffolk,0
Islander,2010,0,Sullivan,0
Islander,2010,0,Tompkins,0
Islander,2010,0,Ulster,0
Islander,2010,0,Warren,0
Islander,2010,0,Wayne,0
Islander,2010,0,Westchester,0
White,2011,33844,Albany,1084
White,2011,22618,Bronx,1140
White,2011,25080,Broome,1057
White,2011,20955,Cattaraugus,894
White,2011,25369,Cayuga,1363
White,2011,21365,Chautauqua,887
White,2011,28287,Chemung,2755
White,2011,25630,Clinton,1569
White,2011,34330,Dutchess,1469
White,2011,29749,Erie,776
White,2011,22731,Jefferson,1247
White,2011,30034,Kings,700
White,2011,23384,Livingston,1102
White,2011,25004,Madison,1646
White,2011,31040,Monroe,1070
White,2011,45676,Nassau,1111
White,2011,83602,New York,3218
White,2011,26290,Niagara,1255
White,2011,26746,Oneida,1135
White,2011,30047,Onondaga,728
White,2011,29867,Ontario,1422
White,2011,31710,Orange,1605
White,2011,21625,Oswego,1129
White,2011,40210,Putnam,2344
White,2011,29960,Queens,688
White,2011,30416,Rensselaer,1481
White,2011,32697,Richmond,1163
White,2011,35187,Rockland,1789
White,2011,21611,St. Lawrence,1065
White,2011,33908,Saratoga,1508
White,2011,30281,Schenectady,1446
White,2011,23565,Steuben,1097
White,2011,38102,Suffolk,820
White,2011,24378,Sullivan,1856
White,2011,28951,Tompkins,2460
White,2011,29638,Ulster,1478
White,2011,28510,Warren,1835
White,2011,26772,Wayne,3178
White,2011,55336,Westchester,2079
All,2011,30154,Albany,883
All,2011,16879,Bronx,361
All,2011,23667,Broome,926
All,2011,20950,Cattaraugus,1084
All,2011,24139,Cayuga,1267
All,2011,20693,Chautauqua,859
All,2011,26467,Chemung,2636
All,2011,24050,Clinton,1472
All,2011,31667,Dutchess,1228
All,2011,26817,Erie,699
All,2011,21908,Jefferson,1146
All,2011,23577,Kings,395
All,2011,22218,Livingston,1051
All,2011,24653,Madison,1667
All,2011,27165,Monroe,868
All,2011,40351,Nassau,855
All,2011,59398,New York,1851
All,2011,24856,Niagara,1162
All,2011,24872,Oneida,1032
All,2011,27216,Onondaga,647
All,2011,28536,Ontario,1346
All,2011,29089,Orange,1254
All,2011,21161,Oswego,1179
All,2011,39611,Putnam,2483
All,2011,25088,Queens,401
All,2011,28615,Rensselaer,1267
All,2011,30274,Richmond,1018
All,2011,33209,Rockland,1419
All,2011,21169,St. Lawrence,1057
All,2011,33413,Saratoga,1445
All,2011,27153,Schenectady,1285
All,2011,23238,Steuben,1019
All,2011,35049,Suffolk,682
All,2011,23751,Sullivan,2308
All,2011,26435,Tompkins,2093
All,2011,27797,Ulster,1447
All,2011,27902,Warren,1798
All,2011,26010,Wayne,2971
All,2011,45450,Westchester,1422
Asian,2011,21435,Albany,4528
Asian,2011,19202,Bronx,2352
Asian,2011,15764,Broome,4223
Asian,2011,0,Cattaraugus,0
Asian,2011,0,Cayuga,0
Asian,2011,38304,Chautauqua,32887
Asian,2011,12623,Chemung,7614
Asian,2011,10970,Clinton,5607
Asian,2011,35358,Dutchess,7273
Asian,2011,25282,Erie,7711
Asian,2011,35625,Jefferson,21707
Asian,2011,20523,Kings,1307
Asian,2011,2528,Livingston,1811
Asian,2011,31769,Madison,22775
Asian,2011,22339,Monroe,3533
Asian,2011,38148,Nassau,2702
Asian,2011,48872,New York,4675
Asian,2011,19005,Niagara,14111
Asian,2011,20473,Oneida,8904
Asian,2011,20901,Onondaga,4924
Asian,2011,22474,Ontario,24912
Asian,2011,33970,Orange,6638
Asian,2011,29515,Oswego,32589
Asian,2011,53751,Putnam,37148
Asian,2011,22264,Queens,995
Asian,2011,16553,Rensselaer,7734
Asian,2011,26968,Richmond,3277
Asian,2011,42731,Rockland,6483
Asian,2011,49995,St. Lawrence,35202
Asian,2011,42935,Saratoga,17312
Asian,2011,25016,Schenectady,7855
Asian,2011,21615,Steuben,14453
Asian,2011,30704,Suffolk,3759
Asian,2011,28180,Sullivan,20360
Asian,2011,15869,Tompkins,5049
Asian,2011,25363,Ulster,24473
Asian,2011,19016,Warren,14002
Asian,2011,17932,Wayne,6661
Asian,2011,48673,Westchester,6036
Mixed,2011,14752,Albany,4418
Mixed,2011,12364,Bronx,1819
Mixed,2011,8278,Broome,3822
Mixed,2011,8305,Cattaraugus,4284
Mixed,2011,9853,Cayuga,7546
Mixed,2011,3169,Chautauqua,1888
Mixed,2011,21200,Chemung,18640
Mixed,2011,0,Clinton,0
Mixed,2011,20859,Dutchess,6382
Mixed,2011,12033,Erie,2814
Mixed,2011,7099,Jefferson,2719
Mixed,2011,23300,Kings,4150
Mixed,2011,7927,Livingston,4946
Mixed,2011,16051,Madison,8127
Mixed,2011,14967,Monroe,4138
Mixed,2011,17899,Nassau,2468
Mixed,2011,29553,New York,5502
Mixed,2011,6934,Niagara,2710
Mixed,2011,4414,Oneida,1349
Mixed,2011,12099,Onondaga,3106
Mixed,2011,11588,Ontario,3975
Mixed,2011,14354,Orange,3589
Mixed,2011,3972,Oswego,2901
Mixed,2011,8901,Putnam,4662
Mixed,2011,20694,Queens,2915
Mixed,2011,10859,Rensselaer,4268
Mixed,2011,18123,Richmond,4053
Mixed,2011,32495,Rockland,15973
Mixed,2011,7057,St. Lawrence,3183
Mixed,2011,9305,Saratoga,2052
Mixed,2011,16813,Schenectady,6362
Mixed,2011,21557,Steuben,16285
Mixed,2011,16852,Suffolk,3209
Mixed,2011,6664,Sullivan,2717
Mixed,2011,10230,Tompkins,5880
Mixed,2011,9927,Ulster,3797
Mixed,2011,3050,Warren,2593
Mixed,2011,13953,Wayne,10052
Mixed,2011,18422,Westchester,4246
Black,2011,16594,Albany,2472
Black,2011,17373,Bronx,680
Black,2011,12073,Broome,3641
Black,2011,18802,Cattaraugus,10776
Black,2011,7989,Cayuga,4549
Black,2011,13071,Chautauqua,6609
Black,2011,7614,Chemung,8487
Black,2011,2548,Clinton,2087
Black,2011,22212,Dutchess,2859
Black,2011,14043,Erie,764
Black,2011,18007,Jefferson,5920
Black,2011,19262,Kings,476
Black,2011,9915,Livingston,4860
Black,2011,0,Madison,0
Black,2011,13692,Monroe,879
Black,2011,26589,Nassau,1129
Black,2011,25235,New York,2266
Black,2011,13590,Niagara,2304
Black,2011,13454,Oneida,3814
Black,2011,13417,Onondaga,1109
Black,2011,4332,Ontario,2170
Black,2011,23918,Orange,2756
Black,2011,0,Oswego,0
Black,2011,50839,Putnam,15260
Black,2011,23254,Queens,709
Black,2011,15613,Rensselaer,3912
Black,2011,20809,Richmond,1914
Black,2011,28429,Rockland,3181
Black,2011,7706,St. Lawrence,7530
Black,2011,26346,Saratoga,8324
Black,2011,11410,Schenectady,2759
Black,2011,11195,Steuben,4567
Black,2011,23269,Suffolk,2208
Black,2011,29055,Sullivan,24330
Black,2011,15427,Tompkins,5098
Black,2011,14164,Ulster,2548
Black,2011,11499,Warren,6504
Black,2011,12803,Wayne,8901
Black,2011,25520,Westchester,1610
Latino,2011,16137,Albany,2032
Latino,2011,13448,Bronx,436
Latino,2011,11694,Broome,3612
Latino,2011,7872,Cattaraugus,2934
Latino,2011,14858,Cayuga,7528
Latino,2011,9994,Chautauqua,1980
Latino,2011,8185,Chemung,2725
Latino,2011,4819,Clinton,2663
Latino,2011,16387,Dutchess,1986
Latino,2011,13369,Erie,1786
Latino,2011,14115,Jefferson,2758
Latino,2011,15675,Kings,671
Latino,2011,7575,Livingston,4208
Latino,2011,17948,Madison,13787
Latino,2011,12965,Monroe,1266
Latino,2011,22063,Nassau,1239
Latino,2011,20372,New York,1492
Latino,2011,17143,Niagara,8936
Latino,2011,7413,Oneida,1744
Latino,2011,14080,Onondaga,2435
Latino,2011,13983,Ontario,6313
Latino,2011,18765,Orange,1403
Latino,2011,9892,Oswego,5467
Latino,2011,25510,Putnam,7592
Latino,2011,18624,Queens,620
Latino,2011,22315,Rensselaer,5591
Latino,2011,23002,Richmond,2025
Latino,2011,20022,Rockland,2513
Latino,2011,12316,St. Lawrence,4619
Latino,2011,20564,Saratoga,4974
Latino,2011,9664,Schenectady,1960
Latino,2011,12786,Steuben,5489
Latino,2011,20822,Suffolk,943
Latino,2011,17101,Sullivan,3002
Latino,2011,20324,Tompkins,10333
Latino,2011,14577,Ulster,2725
Latino,2011,22836,Warren,7394
Latino,2011,14867,Wayne,3207
Latino,2011,20159,Westchester,1493
Native,2011,25676,Albany,12993
Native,2011,14140,Bronx,4837
Native,2011,16181,Broome,6351
Native,2011,13066,Cattaraugus,3656
Native,2011,10891,Cayuga,6442
Native,2011,11621,Chautauqua,8961
Native,2011,0,Chemung,0
Native,2011,0,Clinton,0
Native,2011,25347,Dutchess,19192
Native,2011,23618,Erie,6043
Native,2011,8642,Jefferson,3983
Native,2011,16874,Kings,3592
Native,2011,0,Livingston,0
Native,2011,26107,Madison,13859
Native,2011,8259,Monroe,5522
Native,2011,11835,Nassau,5847
Native,2011,15551,New York,7004
Native,2011,19382,Niagara,4664
Native,2011,12107,Oneida,6327
Native,2011,20254,Onondaga,9580
Native,2011,0,Ontario,0
Native,2011,13422,Orange,4667
Native,2011,7850,Oswego,4536
Native,2011,0,Putnam,0
Native,2011,21389,Queens,6534
Native,2011,0,Rensselaer,0
Native,2011,0,Richmond,0
Native,2011,28400,Rockland,11179
Native,2011,19200,St. Lawrence,6691
Native,2011,0,Saratoga,0
Native,2011,0,Schenectady,0
Native,2011,33696,Steuben,10231
Native,2011,28170,Suffolk,8064
Native,2011,0,Sullivan,0
Native,2011,0,Tompkins,0
Native,2011,0,Ulster,0
Native,2011,0,Warren,0
Native,2011,0,Wayne,0
Native,2011,21341,Westchester,8830
Other,2011,17516,Albany,4587
Other,2011,13053,Bronx,527
Other,2011,2216,Broome,1500
Other,2011,0,Cattaraugus,0
Other,2011,2064,Cayuga,1494
Other,2011,7022,Chautauqua,3568
Other,2011,0,Chemung,0
Other,2011,0,Clinton,0
Other,2011,11955,Dutchess,2216
Other,2011,11555,Erie,2311
Other,2011,14793,Jefferson,5197
Other,2011,12836,Kings,671
Other,2011,0,Livingston,0
Other,2011,0,Madison,0
Other,2011,11725,Monroe,2496
Other,2011,18633,Nassau,1746
Other,2011,15229,New York,1442
Other,2011,14614,Niagara,6289
Other,2011,10888,Oneida,4457
Other,2011,13320,Onondaga,5510
Other,2011,11810,Ontario,6717
Other,2011,17783,Orange,2338
Other,2011,2140,Oswego,1805
Other,2011,37707,Putnam,23928
Other,2011,17980,Queens,890
Other,2011,21081,Rensselaer,9474
Other,2011,16656,Richmond,3155
Other,2011,16950,Rockland,3418
Other,2011,0,St. Lawrence,0
Other,2011,0,Saratoga,0
Other,2011,6901,Schenectady,3947
Other,2011,11567,Steuben,9223
Other,2011,16704,Suffolk,1593
Other,2011,16914,Sullivan,4230
Other,2011,13743,Tompkins,8767
Other,2011,14322,Ulster,7011
Other,2011,0,Warren,0
Other,2011,21477,Wayne,12451
Other,2011,15492,Westchester,1353
Islander,2011,0,Albany,0
Islander,2011,6095,Bronx,3068
Islander,2011,0,Broome,0
Islander,2011,0,Cattaraugus,0
Islander,2011,0,Cayuga,0
Islander,2011,0,Chautauqua,0
Islander,2011,0,Chemung,0
Islander,2011,0,Clinton,0
Islander,2011,0,Dutchess,0
Islander,2011,0,Erie,0
Islander,2011,0,Jefferson,0
Islander,2011,0,Kings,0
Islander,2011,0,Livingston,0
Islander,2011,0,Madison,0
Islander,2011,0,Monroe,0
Islander,2011,0,Nassau,0
Islander,2011,0,New York,0
Islander,2011,0,Niagara,0
Islander,2011,0,Oneida,0
Islander,2011,0,Onondaga,0
Islander,2011,0,Ontario,0
Islander,2011,0,Orange,0
Islander,2011,0,Oswego,0
Islander,2011,0,Putnam,0
Islander,2011,29516,Queens,15442
Islander,2011,0,Rensselaer,0
Islander,2011,0,Richmond,0
Islander,2011,0,Rockland,0
Islander,2011,0,St. Lawrence,0
Islander,2011,0,Saratoga,0
Islander,2011,0,Schenectady,0
Islander,2011,0,Steuben,0
Islander,2011,0,Suffolk,0
Islander,2011,0,Sullivan,0
Islander,2011,0,Tompkins,0
Islander,2011,0,Ulster,0
Islander,2011,0,Warren,0
Islander,2011,0,Wayne,0
Islander,2011,0,Westchester,0
White,2012,34083,Albany,1463
White,2012,25434,Bronx,1278
White,2012,26015,Broome,1080
White,2012,22138,Cattaraugus,1014
White,2012,24727,Cayuga,1171
White,2012,23760,Chautauqua,1955
White,2012,24545,Chemung,1189
White,2012,26813,Clinton,1776
White,2012,35344,Dutchess,1192
White,2012,30538,Erie,731
White,2012,23220,Jefferson,1039
White,2012,30529,Kings,796
White,2012,23849,Livingston,1087
White,2012,25036,Madison,1692
White,2012,31282,Monroe,752
White,2012,44834,Nassau,880
White,2012,84204,New York,2613
White,2012,27658,Niagara,1388
White,2012,27431,Oneida,1817
White,2012,30940,Onondaga,822
White,2012,27394,Ontario,1325
White,2012,31158,Orange,1123
White,2012,23129,Oswego,1164
White,2012,41568,Putnam,2496
White,2012,30045,Queens,574
White,2012,31913,Rensselaer,1566
White,2012,32443,Richmond,1050
White,2012,35705,Rockland,1349
White,2012,24069,St. Lawrence,1830
White,2012,34643,Saratoga,1417
White,2012,31958,Schenectady,1721
White,2012,24678,Steuben,1341
White,2012,39201,Suffolk,672
White,2012,26725,Sullivan,1941
White,2012,31637,Tompkins,3954
White,2012,32722,Ulster,2079
White,2012,30230,Warren,2184
White,2012,25013,Wayne,1168
White,2012,55310,Westchester,1741
All,2012,31014,Albany,1157
All,2012,17603,Bronx,404
All,2012,24948,Broome,1037
All,2012,21470,Cattaraugus,959
All,2012,23797,Cayuga,1072
All,2012,22671,Chautauqua,1831
All,2012,22979,Chemung,1110
All,2012,25736,Clinton,1707
All,2012,32405,Dutchess,1066
All,2012,27469,Erie,564
All,2012,22544,Jefferson,1036
All,2012,24190,Kings,384
All,2012,22837,Livingston,1005
All,2012,24071,Madison,1620
All,2012,27948,Monroe,667
All,2012,39933,Nassau,652
All,2012,60290,New York,1572
All,2012,26104,Niagara,1200
All,2012,25304,Oneida,1575
All,2012,27951,Onondaga,691
All,2012,26947,Ontario,1287
All,2012,29397,Orange,949
All,2012,22861,Oswego,1119
All,2012,40356,Putnam,2377
All,2012,25352,Queens,306
All,2012,29887,Rensselaer,1365
All,2012,29939,Richmond,760
All,2012,33091,Rockland,1176
All,2012,23082,St. Lawrence,1739
All,2012,34109,Saratoga,1355
All,2012,28324,Schenectady,1473
All,2012,24502,Steuben,1308
All,2012,36279,Suffolk,595
All,2012,24418,Sullivan,1722
All,2012,28819,Tompkins,3378
All,2012,30683,Ulster,1843
All,2012,29642,Warren,2102
All,2012,24305,Wayne,1148
All,2012,45803,Westchester,1153
Asian,2012,29637,Albany,5489
Asian,2012,19894,Bronx,2727
Asian,2012,25065,Broome,7849
Asian,2012,12133,Cattaraugus,5370
Asian,2012,21596,Cayuga,11130
Asian,2012,0,Chautauqua,0
Asian,2012,24924,Chemung,22862
Asian,2012,47206,Clinton,19652
Asian,2012,29800,Dutchess,7976
Asian,2012,20272,Erie,5484
Asian,2012,22211,Jefferson,13159
Asian,2012,19636,Kings,1023
Asian,2012,0,Livingston,0
Asian,2012,8146,Madison,4408
Asian,2012,30786,Monroe,4454
Asian,2012,38581,Nassau,2288
Asian,2012,52328,New York,4365
Asian,2012,16088,Niagara,7053
Asian,2012,10963,Oneida,4107
Asian,2012,21017,Onondaga,4332
Asian,2012,40093,Ontario,25305
Asian,2012,35201,Orange,12225
Asian,2012,20488,Oswego,13569
Asian,2012,31894,Putnam,14412
Asian,2012,22512,Queens,651
Asian,2012,11878,Rensselaer,5534
Asian,2012,26973,Richmond,2413
Asian,2012,42563,Rockland,8606
Asian,2012,17240,St. Lawrence,7918
Asian,2012,35159,Saratoga,12121
Asian,2012,25652,Schenectady,6312
Asian,2012,34526,Steuben,12373
Asian,2012,31383,Suffolk,4042
Asian,2012,32003,Sullivan,12055
Asian,2012,19485,Tompkins,6898
Asian,2012,23299,Ulster,11520
Asian,2012,0,Warren,0
Asian,2012,12433,Wayne,10534
Asian,2012,50131,Westchester,4905
Mixed,2012,14484,Albany,4907
Mixed,2012,13094,Bronx,1670
Mixed,2012,15410,Broome,5725
Mixed,2012,8324,Cattaraugus,2841
Mixed,2012,9699,Cayuga,3972
Mixed,2012,4827,Chautauqua,1995
Mixed,2012,6815,Chemung,4209
Mixed,2012,15659,Clinton,12633
Mixed,2012,13293,Dutchess,5258
Mixed,2012,13657,Erie,2606
Mixed,2012,16003,Jefferson,6556
Mixed,2012,20728,Kings,3360
Mixed,2012,7931,Livingston,4508
Mixed,2012,5378,Madison,4059
Mixed,2012,9016,Monroe,1894
Mixed,2012,21254,Nassau,4250
Mixed,2012,23616,New York,4242
Mixed,2012,11336,Niagara,4841
Mixed,2012,9195,Oneida,3222
Mixed,2012,11350,Onondaga,2587
Mixed,2012,15974,Ontario,7488
Mixed,2012,19034,Orange,7807
Mixed,2012,12588,Oswego,6176
Mixed,2012,15930,Putnam,10872
Mixed,2012,19885,Queens,2123
Mixed,2012,13048,Rensselaer,3904
Mixed,2012,25182,Richmond,5753
Mixed,2012,22532,Rockland,6228
Mixed,2012,8961,St. Lawrence,3118
Mixed,2012,17233,Saratoga,7444
Mixed,2012,9940,Schenectady,3210
Mixed,2012,6616,Steuben,4062
Mixed,2012,14123,Suffolk,2022
Mixed,2012,13752,Sullivan,9529
Mixed,2012,3052,Tompkins,2374
Mixed,2012,8723,Ulster,2534
Mixed,2012,12152,Warren,7212
Mixed,2012,0,Wayne,0
Mixed,2012,20898,Westchester,6024
Black,2012,18479,Albany,2128
Black,2012,17726,Bronx,497
Black,2012,13490,Broome,2511
Black,2012,13839,Cattaraugus,4560
Black,2012,12305,Cayuga,6062
Black,2012,8110,Chautauqua,5337
Black,2012,10398,Chemung,3388
Black,2012,0,Clinton,0
Black,2012,21464,Dutchess,2443
Black,2012,15835,Erie,906
Black,2012,17381,Jefferson,4003
Black,2012,20165,Kings,494
Black,2012,7249,Livingston,3291
Black,2012,2843,Madison,1460
Black,2012,15753,Monroe,1240
Black,2012,26820,Nassau,1371
Black,2012,23199,New York,1565
Black,2012,13049,Niagara,2322
Black,2012,12935,Oneida,2635
Black,2012,15016,Onondaga,1283
Black,2012,15915,Ontario,5151
Black,2012,24628,Orange,2218
Black,2012,0,Oswego,0
Black,2012,35204,Putnam,10969
Black,2012,24197,Queens,717
Black,2012,18033,Rensselaer,3553
Black,2012,21716,Richmond,2321
Black,2012,24188,Rockland,2340
Black,2012,7904,St. Lawrence,3761
Black,2012,21520,Saratoga,6978
Black,2012,14631,Schenectady,2440
Black,2012,21218,Steuben,9870
Black,2012,24273,Suffolk,1151
Black,2012,13415,Sullivan,3737
Black,2012,9797,Tompkins,4259
Black,2012,23100,Ulster,4729
Black,2012,20600,Warren,16208
Black,2012,12785,Wayne,4773
Black,2012,25863,Westchester,1591
Latino,2012,17657,Albany,2261
Latino,2012,14182,Bronx,586
Latino,2012,9430,Broome,2709
Latino,2012,8991,Cattaraugus,4102
Latino,2012,7476,Cayuga,4912
Latino,2012,8324,Chautauqua,1457
Latino,2012,18089,Chemung,11993
Latino,2012,6843,Clinton,5627
Latino,2012,19293,Dutchess,3406
Latino,2012,13492,Erie,1825
Latino,2012,14118,Jefferson,2516
Latino,2012,16366,Kings,619
Latino,2012,5149,Livingston,1843
Latino,2012,5865,Madison,2848
Latino,2012,14618,Monroe,1473
Latino,2012,22002,Nassau,1230
Latino,2012,21827,New York,1754
Latino,2012,17635,Niagara,4571
Latino,2012,12054,Oneida,3790
Latino,2012,13964,Onondaga,2189
Latino,2012,15567,Ontario,5308
Latino,2012,19571,Orange,1556
Latino,2012,11716,Oswego,4436
Latino,2012,25672,Putnam,6656
Latino,2012,19083,Queens,493
Latino,2012,16106,Rensselaer,4038
Latino,2012,20127,Richmond,1601
Latino,2012,20801,Rockland,1734
Latino,2012,4038,St. Lawrence,3342
Latino,2012,16863,Saratoga,4628
Latino,2012,14931,Schenectady,4378
Latino,2012,16637,Steuben,9160
Latino,2012,19987,Suffolk,881
Latino,2012,15035,Sullivan,3673
Latino,2012,13835,Tompkins,6283
Latino,2012,14945,Ulster,2712
Latino,2012,7169,Warren,6230
Latino,2012,16071,Wayne,7696
Latino,2012,19599,Westchester,1147
Native,2012,12810,Albany,8857
Native,2012,12693,Bronx,2829
Native,2012,31420,Broome,25543
Native,2012,19421,Cattaraugus,4335
Native,2012,15109,Cayuga,10756
Native,2012,8639,Chautauqua,3039
Native,2012,0,Chemung,0
Native,2012,25223,Clinton,13605
Native,2012,22060,Dutchess,16147
Native,2012,16626,Erie,3175
Native,2012,0,Jefferson,0
Native,2012,13305,Kings,3525
Native,2012,0,Livingston,0
Native,2012,0,Madison,0
Native,2012,10743,Monroe,4147
Native,2012,24211,Nassau,6532
Native,2012,12197,New York,6538
Native,2012,17918,Niagara,4532
Native,2012,17120,Oneida,10832
Native,2012,21687,Onondaga,8558
Native,2012,13685,Ontario,10751
Native,2012,19023,Orange,11491
Native,2012,49448,Oswego,24569
Native,2012,16654,Putnam,5430
Native,2012,20601,Queens,4212
Native,2012,17137,Rensselaer,5876
Native,2012,14126,Richmond,8381
Native,2012,0,Rockland,0
Native,2012,8863,St. Lawrence,3347
Native,2012,0,Saratoga,0
Native,2012,0,Schenectady,0
Native,2012,0,Steuben,0
Native,2012,21834,Suffolk,10539
Native,2012,0,Sullivan,0
Native,2012,0,Tompkins,0
Native,2012,0,Ulster,0
Native,2012,0,Warren,0
Native,2012,0,Wayne,0
Native,2012,25028,Westchester,14742
Other,2012,17330,Albany,9097
Other,2012,13406,Bronx,731
Other,2012,8400,Broome,3312
Other,2012,0,Cattaraugus,0
Other,2012,0,Cayuga,0
Other,2012,10511,Chautauqua,3132
Other,2012,0,Chemung,0
Other,2012,0,Clinton,0
Other,2012,15048,Dutchess,3517
Other,2012,11312,Erie,2120
Other,2012,16253,Jefferson,4335
Other,2012,14621,Kings,831
Other,2012,0,Livingston,0
Other,2012,0,Madison,0
Other,2012,16064,Monroe,4798
Other,2012,18984,Nassau,1804
Other,2012,15115,New York,1297
Other,2012,0,Niagara,0
Other,2012,9977,Oneida,2615
Other,2012,9696,Onondaga,3775
Other,2012,0,Ontario,0
Other,2012,19559,Orange,2536
Other,2012,10230,Oswego,4247
Other,2012,33665,Putnam,15199
Other,2012,18226,Queens,758
Other,2012,0,Rensselaer,0
Other,2012,17402,Richmond,3485
Other,2012,18093,Rockland,2845
Other,2012,3141,St. Lawrence,2890
Other,2012,33247,Saratoga,18460
Other,2012,8395,Schenectady,2881
Other,2012,0,Steuben,0
Other,2012,16494,Suffolk,1434
Other,2012,9699,Sullivan,4885
Other,2012,0,Tompkins,0
Other,2012,9954,Ulster,3426
Other,2012,0,Warren,0
Other,2012,0,Wayne,0
Other,2012,18043,Westchester,1825
Islander,2012,0,Albany,0
Islander,2012,0,Bronx,0
Islander,2012,0,Broome,0
Islander,2012,0,Cattaraugus,0
Islander,2012,0,Cayuga,0
Islander,2012,0,Chautauqua,0
Islander,2012,0,Chemung,0
Islander,2012,0,Clinton,0
Islander,2012,0,Dutchess,0
Islander,2012,0,Erie,0
Islander,2012,0,Jefferson,0
Islander,2012,0,Kings,0
Islander,2012,0,Livingston,0
Islander,2012,0,Madison,0
Islander,2012,0,Monroe,0
Islander,2012,0,Nassau,0
Islander,2012,0,New York,0
Islander,2012,0,Niagara,0
Islander,2012,0,Oneida,0
Islander,2012,0,Onondaga,0
Islander,2012,0,Ontario,0
Islander,2012,0,Orange,0
Islander,2012,0,Oswego,0
Islander,2012,0,Putnam,0
Islander,2012,0,Queens,0
Islander,2012,0,Rensselaer,0
Islander,2012,0,Richmond,0
Islander,2012,0,Rockland,0
Islander,2012,0,St. Lawrence,0
Islander,2012,0,Saratoga,0
Islander,2012,0,Schenectady,0
Islander,2012,0,Steuben,0
Islander,2012,0,Suffolk,0
Islander,2012,0,Sullivan,0
Islander,2012,0,Tompkins,0
Islander,2012,0,Ulster,0
Islander,2012,0,Warren,0
Islander,2012,0,Wayne,0
Islander,2012,0,Westchester,0
White,2013,35845,Albany,1560
White,2013,26251,Bronx,1252
White,2013,26350,Broome,1385
White,2013,22988,Cattaraugus,1372
White,2013,27170,Cayuga,1476
White,2013,22963,Chautauqua,1255
White,2013,27458,Chemung,2165
White,2013,25956,Clinton,2344
White,2013,36152,Dutchess,1390
White,2013,31211,Erie,592
White,2013,24252,Jefferson,1627
White,2013,34264,Kings,787
White,2013,25615,Livingston,1341
White,2013,25956,Madison,1773
White,2013,33146,Monroe,962
White,2013,48038,Nassau,830
White,2013,88123,New York,4272
White,2013,27230,Niagara,1542
White,2013,24952,Oneida,925
White,2013,32086,Onondaga,1072
White,2013,31574,Ontario,2129
White,2013,34047,Orange,2188
White,2013,23541,Oswego,1074
White,2013,41063,Putnam,2912
White,2013,31294,Queens,731
White,2013,30460,Rensselaer,1418
White,2013,35046,Richmond,1431
White,2013,36178,Rockland,1950
White,2013,22432,St. Lawrence,1833
White,2013,35917,Saratoga,1269
White,2013,29936,Schenectady,1526
White,2013,26178,Steuben,2003
White,2013,40104,Suffolk,845
White,2013,25411,Sullivan,2456
White,2013,27849,Tompkins,2380
White,2013,31770,Ulster,1581
White,2013,0,Warren,0
White,2013,24773,Wayne,1261
White,2013,57934,Westchester,2062
All,2013,32367,Albany,1357
All,2013,17907,Bronx,429
All,2013,24992,Broome,1276
All,2013,22369,Cattaraugus,1354
All,2013,25909,Cayuga,1402
All,2013,22058,Chautauqua,1165
All,2013,25674,Chemung,2080
All,2013,24575,Clinton,2180
All,2013,33716,Dutchess,1157
All,2013,28182,Erie,506
All,2013,22784,Jefferson,1396
All,2013,26641,Kings,503
All,2013,24486,Livingston,1296
All,2013,25560,Madison,1877
All,2013,28824,Monroe,755
All,2013,42183,Nassau,745
All,2013,63336,New York,2591
All,2013,25710,Niagara,1370
All,2013,23226,Oneida,837
All,2013,29022,Onondaga,935
All,2013,30405,Ontario,2073
All,2013,30587,Orange,1576
All,2013,23101,Oswego,1050
All,2013,40315,Putnam,2631
All,2013,26463,Queens,402
All,2013,28844,Rensselaer,1366
All,2013,32375,Richmond,1210
All,2013,33429,Rockland,1450
All,2013,21771,St. Lawrence,1727
All,2013,35265,Saratoga,1349
All,2013,26833,Schenectady,1223
All,2013,26121,Steuben,1951
All,2013,36639,Suffolk,676
All,2013,24141,Sullivan,2141
All,2013,26677,Tompkins,2143
All,2013,29821,Ulster,1368
All,2013,31671,Warren,2676
All,2013,23882,Wayne,1180
All,2013,47305,Westchester,1298
Asian,2013,23811,Albany,4852
Asian,2013,19106,Bronx,2169
Asian,2013,32101,Broome,10012
Asian,2013,11626,Cattaraugus,6049
Asian,2013,16161,Cayuga,13825
Asian,2013,8917,Chautauqua,6264
Asian,2013,24446,Chemung,19251
Asian,2013,16691,Clinton,9554
Asian,2013,42668,Dutchess,9813
Asian,2013,29093,Erie,5998
Asian,2013,24706,Jefferson,6952
Asian,2013,22653,Kings,1112
Asian,2013,20501,Livingston,14129
Asian,2013,0,Madison,0
Asian,2013,23504,Monroe,3827
Asian,2013,41294,Nassau,3199
Asian,2013,60995,New York,5200
Asian,2013,20715,Niagara,10750
Asian,2013,18260,Oneida,5844
Asian,2013,19823,Onondaga,3810
Asian,2013,27200,Ontario,25240
Asian,2013,26739,Orange,5209
Asian,2013,19167,Oswego,16592
Asian,2013,28451,Putnam,6669
Asian,2013,24415,Queens,840
Asian,2013,19303,Rensselaer,8050
Asian,2013,32153,Richmond,3727
Asian,2013,40815,Rockland,6377
Asian,2013,0,St. Lawrence,0
Asian,2013,33038,Saratoga,13556
Asian,2013,19865,Schenectady,4245
Asian,2013,38642,Steuben,16976
Asian,2013,34319,Suffolk,4381
Asian,2013,32015,Sullivan,14275
Asian,2013,17726,Tompkins,4978
Asian,2013,33065,Ulster,18175
Asian,2013,0,Warren,0
Asian,2013,24653,Wayne,14618
Asian,2013,48857,Westchester,5978
Mixed,2013,14971,Albany,4258
Mixed,2013,16014,Bronx,1870
Mixed,2013,6338,Broome,2563
Mixed,2013,9427,Cattaraugus,4704
Mixed,2013,7424,Cayuga,6642
Mixed,2013,10226,Chautauqua,5713
Mixed,2013,8187,Chemung,5691
Mixed,2013,6711,Clinton,3628
Mixed,2013,9463,Dutchess,2597
Mixed,2013,14505,Erie,3941
Mixed,2013,7265,Jefferson,2728
Mixed,2013,25428,Kings,7346
Mixed,2013,0,Livingston,0
Mixed,2013,7437,Madison,7720
Mixed,2013,10281,Monroe,2173
Mixed,2013,16723,Nassau,1989
Mixed,2013,32574,New York,6085
Mixed,2013,14057,Niagara,6738
Mixed,2013,8096,Oneida,2956
Mixed,2013,13121,Onondaga,3831
Mixed,2013,11435,Ontario,6883
Mixed,2013,13927,Orange,3591
Mixed,2013,10314,Oswego,2744
Mixed,2013,0,Putnam,0
Mixed,2013,19370,Queens,1812
Mixed,2013,16416,Rensselaer,6321
Mixed,2013,18759,Richmond,4882
Mixed,2013,23571,Rockland,6873
Mixed,2013,8809,St. Lawrence,4480
Mixed,2013,12290,Saratoga,6634
Mixed,2013,10258,Schenectady,5750
Mixed,2013,5844,Steuben,2698
Mixed,2013,15572,Suffolk,2047
Mixed,2013,15650,Sullivan,6517
Mixed,2013,16632,Tompkins,6683
Mixed,2013,10391,Ulster,5713
Mixed,2013,0,Warren,0
Mixed,2013,5238,Wayne,3940
Mixed,2013,26572,Westchester,7016
Black,2013,20479,Albany,4143
Black,2013,17770,Bronx,624
Black,2013,10096,Broome,2215
Black,2013,25379,Cattaraugus,21965
Black,2013,10722,Cayuga,5102
Black,2013,8065,Chautauqua,3026
Black,2013,9996,Chemung,4537
Black,2013,0,Clinton,0
Black,2013,24099,Dutchess,2512
Black,2013,15796,Erie,868
Black,2013,18781,Jefferson,3599
Black,2013,21501,Kings,646
Black,2013,6833,Livingston,4948
Black,2013,2727,Madison,1829
Black,2013,15047,Monroe,947
Black,2013,28777,Nassau,1839
Black,2013,21620,New York,1479
Black,2013,13905,Niagara,1848
Black,2013,12336,Oneida,2130
Black,2013,16839,Onondaga,2570
Black,2013,13824,Ontario,5288
Black,2013,23773,Orange,2699
Black,2013,26214,Oswego,13288
Black,2013,39631,Putnam,10637
Black,2013,24092,Queens,594
Black,2013,18427,Rensselaer,4440
Black,2013,23110,Richmond,2973
Black,2013,26332,Rockland,2340
Black,2013,0,St. Lawrence,0
Black,2013,29018,Saratoga,10343
Black,2013,14027,Schenectady,2543
Black,2013,37248,Steuben,15503
Black,2013,22475,Suffolk,1270
Black,2013,13107,Sullivan,2394
Black,2013,32966,Tompkins,17110
Black,2013,16225,Ulster,3874
Black,2013,0,Warren,0
Black,2013,15819,Wayne,5130
Black,2013,26934,Westchester,1817
Latino,2013,17224,Albany,3951
Latino,2013,14369,Bronx,451
Latino,2013,9565,Broome,1994
Latino,2013,9565,Cattaraugus,2922
Latino,2013,9406,Cayuga,6057
Latino,2013,11306,Chautauqua,2477
Latino,2013,15570,Chemung,5982
Latino,2013,17391,Clinton,12143
Latino,2013,15985,Dutchess,1767
Latino,2013,15801,Erie,2137
Latino,2013,21660,Jefferson,4584
Latino,2013,17225,Kings,836
Latino,2013,5284,Livingston,2672
Latino,2013,8586,Madison,5878
Latino,2013,13660,Monroe,1539
Latino,2013,22650,Nassau,1250
Latino,2013,20028,New York,975
Latino,2013,16226,Niagara,6009
Latino,2013,7831,Oneida,1623
Latino,2013,17913,Onondaga,3220
Latino,2013,9595,Ontario,3254
Latino,2013,21397,Orange,1832
Latino,2013,11543,Oswego,7885
Latino,2013,27678,Putnam,4445
Latino,2013,20082,Queens,786
Latino,2013,13218,Rensselaer,3517
Latino,2013,21288,Richmond,2215
Latino,2013,20562,Rockland,2764
Latino,2013,0,St. Lawrence,0
Latino,2013,22148,Saratoga,7008
Latino,2013,9895,Schenectady,3195
Latino,2013,0,Steuben,0
Latino,2013,21009,Suffolk,1129
Latino,2013,12168,Sullivan,2749
Latino,2013,13587,Tompkins,2848
Latino,2013,19484,Ulster,4621
Latino,2013,0,Warren,0
Latino,2013,11140,Wayne,3063
Latino,2013,20483,Westchester,1121
Native,2013,34763,Albany,10416
Native,2013,30911,Bronx,14834
Native,2013,11273,Broome,8819
Native,2013,14250,Cattaraugus,3960
Native,2013,9208,Cayuga,6105
Native,2013,22667,Chautauqua,14912
Native,2013,8548,Chemung,6833
Native,2013,0,Clinton,0
Native,2013,14644,Dutchess,10541
Native,2013,12501,Erie,2951
Native,2013,0,Jefferson,0
Native,2013,17766,Kings,4622
Native,2013,0,Livingston,0
Native,2013,36234,Madison,9736
Native,2013,17261,Monroe,4661
Native,2013,20188,Nassau,4880
Native,2013,20660,New York,9550
Native,2013,11705,Niagara,5618
Native,2013,5686,Oneida,2128
Native,2013,12954,Onondaga,5677
Native,2013,11808,Ontario,3611
Native,2013,0,Orange,0
Native,2013,0,Oswego,0
Native,2013,0,Putnam,0
Native,2013,16703,Queens,6734
Native,2013,18229,Rensselaer,9124
Native,2013,13625,Richmond,11939
Native,2013,18328,Rockland,5500
Native,2013,13929,St. Lawrence,6989
Native,2013,0,Saratoga,0
Native,2013,8379,Schenectady,7011
Native,2013,0,Steuben,0
Native,2013,20081,Suffolk,7906
Native,2013,0,Sullivan,0
Native,2013,0,Tompkins,0
Native,2013,0,Ulster,0
Native,2013,0,Warren,0
Native,2013,12663,Wayne,21182
Native,2013,21285,Westchester,5701
Other,2013,11845,Albany,7380
Other,2013,13389,Bronx,559
Other,2013,11650,Broome,6332
Other,2013,0,Cattaraugus,0
Other,2013,0,Cayuga,0
Other,2013,8164,Chautauqua,6336
Other,2013,0,Chemung,0
Other,2013,0,Clinton,0
Other,2013,17933,Dutchess,3551
Other,2013,12844,Erie,2331
Other,2013,22196,Jefferson,5772
Other,2013,14801,Kings,1090
Other,2013,0,Livingston,0
Other,2013,0,Madison,0
Other,2013,13219,Monroe,4061
Other,2013,20047,Nassau,1883
Other,2013,14844,New York,997
Other,2013,15772,Niagara,8789
Other,2013,7503,Oneida,3510
Other,2013,14071,Onondaga,4333
Other,2013,9398,Ontario,6624
Other,2013,18644,Orange,2783
Other,2013,4585,Oswego,2773
Other,2013,22565,Putnam,11869
Other,2013,18834,Queens,1147
Other,2013,21588,Rensselaer,12700
Other,2013,13523,Richmond,3414
Other,2013,16392,Rockland,3647
Other,2013,7429,St. Lawrence,6750
Other,2013,0,Saratoga,0
Other,2013,19310,Schenectady,6376
Other,2013,10448,Steuben,6068
Other,2013,17169,Suffolk,1717
Other,2013,20481,Sullivan,7053
Other,2013,27540,Tompkins,13244
Other,2013,17079,Ulster,7665
Other,2013,0,Warren,0
Other,2013,13019,Wayne,6920
Other,2013,16601,Westchester,1076
Islander,2013,0,Albany,0
Islander,2013,25555,Bronx,4434
Islander,2013,0,Broome,0
Islander,2013,0,Cattaraugus,0
Islander,2013,0,Cayuga,0
Islander,2013,0,Chautauqua,0
Islander,2013,0,Chemung,0
Islander,2013,0,Clinton,0
Islander,2013,0,Dutchess,0
Islander,2013,24043,Erie,4722
Islander,2013,0,Jefferson,0
Islander,2013,0,Kings,0
Islander,2013,0,Livingston,0
Islander,2013,0,Madison,0
Islander,2013,0,Monroe,0
Islander,2013,0,Nassau,0
Islander,2013,28069,New York,19867
Islander,2013,0,Niagara,0
Islander,2013,0,Oneida,0
Islander,2013,0,Onondaga,0
Islander,2013,0,Ontario,0
Islander,2013,0,Orange,0
Islander,2013,0,Oswego,0
Islander,2013,0,Putnam,0
Islander,2013,22137,Queens,3476
Islander,2013,0,Rensselaer,0
Islander,2013,0,Richmond,0
Islander,2013,0,Rockland,0
Islander,2013,0,St. Lawrence,0
Islander,2013,0,Saratoga,0
Islander,2013,0,Schenectady,0
Islander,2013,0,Steuben,0
Islander,2013,33500,Suffolk,14153
Islander,2013,0,Sullivan,0
Islander,2013,0,Tompkins,0
Islander,2013,0,Ulster,0
Islander,2013,0,Warren,0
Islander,2013,0,Wayne,0
Islander,2013,0,Westchester,0
White,2014,37089,Albany,1515
White,2014,26884,Bronx,1256
White,2014,25999,Broome,1166
White,2014,23031,Cattaraugus,927
White,2014,27051,Cayuga,1300
White,2014,22954,Chautauqua,947
White,2014,27241,Chemung,1573
White,2014,26664,Clinton,1746
White,2014,36041,Dutchess,1555
White,2014,32457,Erie,944
White,2014,25348,Jefferson,1450
White,2014,35907,Kings,848
White,2014,24129,Livingston,1406
White,2014,26601,Madison,2183
White,2014,33067,Monroe,833
White,2014,50006,Nassau,1090
White,2014,89528,New York,2679
White,2014,28346,Niagara,1306
White,2014,27910,Oneida,1450
White,2014,32198,Onondaga,1023
White,2014,31279,Ontario,2145
White,2014,31956,Orange,944
White,2014,24228,Oswego,1003
White,2014,41875,Putnam,2962
White,2014,31986,Queens,785
White,2014,33266,Rensselaer,2342
White,2014,34290,Richmond,1314
White,2014,37367,Rockland,1672
White,2014,22877,St. Lawrence,1300
White,2014,36629,Saratoga,1657
White,2014,32468,Schenectady,2398
White,2014,24566,Steuben,1434
White,2014,40690,Suffolk,703
White,2014,27973,Sullivan,2442
White,2014,32200,Tompkins,2373
White,2014,33274,Ulster,2172
White,2014,0,Warren,0
White,2014,25384,Wayne,1307
White,2014,57896,Westchester,1807
All,2014,33008,Albany,1295
All,2014,18158,Bronx,410
All,2014,24270,Broome,957
All,2014,22930,Cattaraugus,945
All,2014,25458,Cayuga,1300
All,2014,22005,Chautauqua,897
All,2014,26159,Chemung,1466
All,2014,24992,Clinton,1619
All,2014,33455,Dutchess,1457
All,2014,29188,Erie,917
All,2014,24054,Jefferson,1179
All,2014,27059,Kings,418
All,2014,23455,Livingston,1356
All,2014,26021,Madison,2081
All,2014,29614,Monroe,797
All,2014,43556,Nassau,839
All,2014,64618,New York,1758
All,2014,26483,Niagara,1119
All,2014,26103,Oneida,1261
All,2014,28897,Onondaga,814
All,2014,30148,Ontario,2013
All,2014,29507,Orange,833
All,2014,23669,Oswego,964
All,2014,41648,Putnam,2762
All,2014,26572,Queens,466
All,2014,30536,Rensselaer,2043
All,2014,31611,Richmond,1206
All,2014,35077,Rockland,1745
All,2014,21999,St. Lawrence,1231
All,2014,36402,Saratoga,1631
All,2014,28865,Schenectady,1922
All,2014,24756,Steuben,1420
All,2014,37295,Suffolk,593
All,2014,26210,Sullivan,2108
All,2014,28648,Tompkins,2007
All,2014,30870,Ulster,1988
All,2014,30527,Warren,2897
All,2014,24631,Wayne,1317
All,2014,48466,Westchester,1308
Asian,2014,27960,Albany,6271
Asian,2014,19351,Bronx,1856
Asian,2014,18811,Broome,7419
Asian,2014,71319,Cattaraugus,24513
Asian,2014,0,Cayuga,0
Asian,2014,0,Chautauqua,0
Asian,2014,61713,Chemung,30137
Asian,2014,11932,Clinton,12361
Asian,2014,36904,Dutchess,6224
Asian,2014,18970,Erie,3586
Asian,2014,24825,Jefferson,12811
Asian,2014,22077,Kings,1155
Asian,2014,9118,Livingston,5234
Asian,2014,25945,Madison,15583
Asian,2014,34927,Monroe,8702
Asian,2014,42264,Nassau,3209
Asian,2014,65878,New York,6691
Asian,2014,11492,Niagara,4199
Asian,2014,15373,Oneida,5671
Asian,2014,18420,Onondaga,5004
Asian,2014,15257,Ontario,17693
Asian,2014,39492,Orange,11391
Asian,2014,28555,Oswego,15627
Asian,2014,87032,Putnam,34741
Asian,2014,23421,Queens,793
Asian,2014,12341,Rensselaer,4029
Asian,2014,32872,Richmond,8274
Asian,2014,44117,Rockland,5224
Asian,2014,15512,St. Lawrence,5372
Asian,2014,44750,Saratoga,13141
Asian,2014,21688,Schenectady,8455
Asian,2014,48128,Steuben,29164
Asian,2014,35375,Suffolk,4577
Asian,2014,52931,Sullivan,46585
Asian,2014,18127,Tompkins,4182
Asian,2014,16071,Ulster,8608
Asian,2014,0,Warren,0
Asian,2014,11015,Wayne,6020
Asian,2014,53093,Westchester,5882
Mixed,2014,9411,Albany,2764
Mixed,2014,18648,Bronx,4320
Mixed,2014,8095,Broome,3833
Mixed,2014,14052,Cattaraugus,6204
Mixed,2014,7035,Cayuga,4249
Mixed,2014,5704,Chautauqua,3427
Mixed,2014,5575,Chemung,3170
Mixed,2014,0,Clinton,0
Mixed,2014,16635,Dutchess,4741
Mixed,2014,12190,Erie,1994
Mixed,2014,8988,Jefferson,3336
Mixed,2014,20586,Kings,2273
Mixed,2014,18475,Livingston,11437
Mixed,2014,0,Madison,0
Mixed,2014,15344,Monroe,4408
Mixed,2014,20892,Nassau,2969
Mixed,2014,27937,New York,5220
Mixed,2014,8878,Niagara,3878
Mixed,2014,18054,Oneida,10744
Mixed,2014,10248,Onondaga,2863
Mixed,2014,12281,Ontario,5382
Mixed,2014,13830,Orange,3808
Mixed,2014,8494,Oswego,2803
Mixed,2014,24195,Putnam,13850
Mixed,2014,21357,Queens,2100
Mixed,2014,7577,Rensselaer,3089
Mixed,2014,11598,Richmond,5519
Mixed,2014,16066,Rockland,4604
Mixed,2014,5142,St. Lawrence,3248
Mixed,2014,27081,Saratoga,8495
Mixed,2014,13194,Schenectady,5295
Mixed,2014,15209,Steuben,4785
Mixed,2014,14196,Suffolk,1810
Mixed,2014,9867,Sullivan,5104
Mixed,2014,0,Tompkins,0
Mixed,2014,15632,Ulster,5748
Mixed,2014,0,Warren,0
Mixed,2014,7422,Wayne,4605
Mixed,2014,24076,Westchester,5255
Black,2014,18712,Albany,2030
Black,2014,18784,Bronx,595
Black,2014,11235,Broome,2558
Black,2014,16045,Cattaraugus,5883
Black,2014,7786,Cayuga,3884
Black,2014,11090,Chautauqua,3747
Black,2014,11434,Chemung,3314
Black,2014,7737,Clinton,4375
Black,2014,24971,Dutchess,5349
Black,2014,19376,Erie,3593
Black,2014,18432,Jefferson,5527
Black,2014,21226,Kings,531
Black,2014,11147,Livingston,3822
Black,2014,5217,Madison,4654
Black,2014,16101,Monroe,2327
Black,2014,29130,Nassau,1331
Black,2014,23860,New York,1542
Black,2014,14359,Niagara,2157
Black,2014,13977,Oneida,2618
Black,2014,15432,Onondaga,1554
Black,2014,12306,Ontario,3654
Black,2014,25229,Orange,2612
Black,2014,16341,Oswego,10037
Black,2014,30481,Putnam,13277
Black,2014,24911,Queens,924
Black,2014,16375,Rensselaer,3336
Black,2014,22316,Richmond,2482
Black,2014,32556,Rockland,9825
Black,2014,6262,St. Lawrence,4037
Black,2014,24263,Saratoga,9528
Black,2014,14879,Schenectady,2531
Black,2014,23053,Steuben,6198
Black,2014,24760,Suffolk,1531
Black,2014,18398,Sullivan,5287
Black,2014,6461,Tompkins,3119
Black,2014,16341,Ulster,4716
Black,2014,0,Warren,0
Black,2014,21593,Wayne,13867
Black,2014,27661,Westchester,2058
Latino,2014,19878,Albany,3215
Latino,2014,14623,Bronx,542
Latino,2014,12336,Broome,3898
Latino,2014,8948,Cattaraugus,4408
Latino,2014,10586,Cayuga,10359
Latino,2014,9841,Chautauqua,1931
Latino,2014,14567,Chemung,11172
Latino,2014,4845,Clinton,3273
Latino,2014,22401,Dutchess,2871
Latino,2014,13787,Erie,1653
Latino,2014,10874,Jefferson,2140
Latino,2014,17908,Kings,728
Latino,2014,10438,Livingston,4687
Latino,2014,4980,Madison,3387
Latino,2014,14344,Monroe,1541
Latino,2014,23295,Nassau,1353
Latino,2014,21614,New York,1264
Latino,2014,11291,Niagara,3528
Latino,2014,9962,Oneida,1889
Latino,2014,14337,Onondaga,2273
Latino,2014,15028,Ontario,3848
Latino,2014,20619,Orange,1891
Latino,2014,13471,Oswego,4970
Latino,2014,21410,Putnam,3612
Latino,2014,20040,Queens,627
Latino,2014,11990,Rensselaer,3434
Latino,2014,21986,Richmond,1995
Latino,2014,20937,Rockland,1782
Latino,2014,8038,St. Lawrence,5202
Latino,2014,21864,Saratoga,3776
Latino,2014,12773,Schenectady,2671
Latino,2014,14883,Steuben,7087
Latino,2014,21728,Suffolk,1218
Latino,2014,18375,Sullivan,4000
Latino,2014,13034,Tompkins,3999
Latino,2014,13954,Ulster,2063
Latino,2014,0,Warren,0
Latino,2014,15305,Wayne,6448
Latino,2014,23822,Westchester,1518
Native,2014,43796,Albany,11727
Native,2014,20205,Bronx,5042
Native,2014,10284,Broome,4260
Native,2014,15615,Cattaraugus,3112
Native,2014,0,Cayuga,0
Native,2014,0,Chautauqua,0
Native,2014,0,Chemung,0
Native,2014,0,Clinton,0
Native,2014,22801,Dutchess,14918
Native,2014,13877,Erie,2812
Native,2014,52241,Jefferson,33963
Native,2014,19800,Kings,7292
Native,2014,0,Livingston,0
Native,2014,15924,Madison,7981
Native,2014,13645,Monroe,4610
Native,2014,15156,Nassau,7229
Native,2014,20326,New York,5167
Native,2014,15027,Niagara,3376
Native,2014,24119,Oneida,15283
Native,2014,27818,Onondaga,10121
Native,2014,0,Ontario,0
Native,2014,31126,Orange,18713
Native,2014,41484,Oswego,29686
Native,2014,0,Putnam,0
Native,2014,23137,Queens,3783
Native,2014,0,Rensselaer,0
Native,2014,0,Richmond,0
Native,2014,0,Rockland,0
Native,2014,16424,St. Lawrence,8587
Native,2014,0,Saratoga,0
Native,2014,0,Schenectady,0
Native,2014,13606,Steuben,776
Native,2014,22626,Suffolk,8117
Native,2014,0,Sullivan,0
Native,2014,0,Tompkins,0
Native,2014,0,Ulster,0
Native,2014,0,Warren,0
Native,2014,0,Wayne,0
Native,2014,20268,Westchester,5229
Other,2014,16882,Albany,5263
Other,2014,13023,Bronx,583
Other,2014,11650,Broome,8112
Other,2014,8134,Cattaraugus,4212
Other,2014,0,Cayuga,0
Other,2014,8396,Chautauqua,3520
Other,2014,0,Chemung,0
Other,2014,0,Clinton,0
Other,2014,15709,Dutchess,4376
Other,2014,11219,Erie,2046
Other,2014,9901,Jefferson,3060
Other,2014,15590,Kings,1188
Other,2014,0,Livingston,0
Other,2014,0,Madison,0
Other,2014,15885,Monroe,4929
Other,2014,16483,Nassau,1259
Other,2014,17027,New York,1297
Other,2014,9807,Niagara,7506
Other,2014,7424,Oneida,2342
Other,2014,16884,Onondaga,5503
Other,2014,25354,Ontario,12990
Other,2014,17837,Orange,2696
Other,2014,8626,Oswego,9516
Other,2014,23933,Putnam,8030
Other,2014,18931,Queens,841
Other,2014,15158,Rensselaer,6521
Other,2014,16944,Richmond,3192
Other,2014,18100,Rockland,2839
Other,2014,13450,St. Lawrence,7961
Other,2014,25502,Saratoga,10253
Other,2014,14046,Schenectady,3929
Other,2014,0,Steuben,0
Other,2014,17827,Suffolk,1941
Other,2014,15314,Sullivan,9058
Other,2014,17664,Tompkins,10140
Other,2014,15475,Ulster,4602
Other,2014,0,Warren,0
Other,2014,0,Wayne,0
Other,2014,20379,Westchester,1998
Islander,2014,0,Albany,0
Islander,2014,16434,Bronx,5942
Islander,2014,0,Broome,0
Islander,2014,0,Cattaraugus,0
Islander,2014,0,Cayuga,0
Islander,2014,0,Chautauqua,0
Islander,2014,0,Chemung,0
Islander,2014,0,Clinton,0
Islander,2014,0,Dutchess,0
Islander,2014,24821,Erie,18748
Islander,2014,0,Jefferson,0
Islander,2014,35167,Kings,22644
Islander,2014,0,Livingston,0
Islander,2014,0,Madison,0
Islander,2014,0,Monroe,0
Islander,2014,0,Nassau,0
Islander,2014,0,New York,0
Islander,2014,0,Niagara,0
Islander,2014,0,Oneida,0
Islander,2014,0,Onondaga,0
Islander,2014,0,Ontario,0
Islander,2014,0,Orange,0
Islander,2014,0,Oswego,0
Islander,2014,0,Putnam,0
Islander,2014,8972,Queens,3984
Islander,2014,0,Rensselaer,0
Islander,2014,0,Richmond,0
Islander,2014,0,Rockland,0
Islander,2014,0,St. Lawrence,0
Islander,2014,0,Saratoga,0
Islander,2014,0,Schenectady,0
Islander,2014,0,Steuben,0
Islander,2014,0,Suffolk,0
Islander,2014,0,Sullivan,0
Islander,2014,0,Tompkins,0
Islander,2014,0,Ulster,0
Islander,2014,0,Warren,0
Islander,2014,0,Wayne,0
Islander,2014,0,Westchester,0
White,2015,37346,Albany,1390
White,2015,26372,Bronx,1606
White,2015,27389,Broome,1146
White,2015,22039,Cattaraugus,945
White,2015,28866,Cayuga,1692
White,2015,24460,Chautauqua,1225
White,2015,28099,Chemung,1951
White,2015,23497,Clinton,1190
White,2015,36974,Dutchess,1559
White,2015,33253,Erie,856
White,2015,25048,Jefferson,1166
White,2015,37631,Kings,1009
White,2015,26411,Livingston,1644
White,2015,28176,Madison,1798
White,2015,34078,Monroe,766
White,2015,50722,Nassau,1264
White,2015,92081,New York,3342
White,2015,29468,Niagara,1311
White,2015,29028,Oneida,1958
White,2015,33471,Onondaga,967
White,2015,35257,Ontario,3554
White,2015,34078,Orange,1296
White,2015,24304,Oswego,1252
White,2015,41646,Putnam,2300
White,2015,33768,Queens,684
White,2015,35059,Rensselaer,1626
White,2015,34253,Richmond,1001
White,2015,38169,Rockland,1779
White,2015,22814,St. Lawrence,1321
White,2015,36346,Saratoga,1243
White,2015,33444,Schenectady,2033
White,2015,27478,Steuben,2132
White,2015,41856,Suffolk,977
White,2015,32295,Sullivan,2865
White,2015,32425,Tompkins,2404
White,2015,32424,Ulster,1661
White,2015,0,Warren,0
White,2015,27587,Wayne,1527
White,2015,60191,Westchester,2132
All,2015,33551,Albany,1555
All,2015,18880,Bronx,441
All,2015,25783,Broome,1122
All,2015,21270,Cattaraugus,945
All,2015,27232,Cayuga,1606
All,2015,23578,Chautauqua,1159
All,2015,26372,Chemung,1851
All,2015,22553,Clinton,1091
All,2015,34269,Dutchess,1251
All,2015,29594,Erie,675
All,2015,23872,Jefferson,1039
All,2015,28898,Kings,454
All,2015,25288,Livingston,1553
All,2015,27551,Madison,1881
All,2015,30073,Monroe,557
All,2015,44358,Nassau,795
All,2015,67255,New York,2102
All,2015,27529,Niagara,1150
All,2015,27216,Oneida,1744
All,2015,30691,Onondaga,885
All,2015,33987,Ontario,3355
All,2015,31609,Orange,999
All,2015,23949,Oswego,1184
All,2015,39455,Putnam,2020
All,2015,27778,Queens,412
All,2015,32551,Rensselaer,1393
All,2015,31284,Richmond,812
All,2015,34662,Rockland,1329
All,2015,21718,St. Lawrence,1248
All,2015,36182,Saratoga,1219
All,2015,29998,Schenectady,1632
All,2015,27080,Steuben,2058
All,2015,38599,Suffolk,725
All,2015,28292,Sullivan,2235
All,2015,29738,Tompkins,2095
All,2015,30010,Ulster,1480
All,2015,30178,Warren,2342
All,2015,26766,Wayne,1464
All,2015,50046,Westchester,1405
Asian,2015,26624,Albany,4698
Asian,2015,20849,Bronx,2190
Asian,2015,19315,Broome,6465
Asian,2015,18528,Cattaraugus,12809
Asian,2015,47249,Cayuga,21067
Asian,2015,23340,Chautauqua,17616
Asian,2015,29946,Chemung,15591
Asian,2015,27668,Clinton,10587
Asian,2015,47883,Dutchess,8183
Asian,2015,22335,Erie,4006
Asian,2015,21940,Jefferson,13042
Asian,2015,25016,Kings,1169
Asian,2015,18092,Livingston,14782
Asian,2015,0,Madison,0
Asian,2015,27570,Monroe,4524
Asian,2015,41544,Nassau,2718
Asian,2015,59775,New York,5379
Asian,2015,30832,Niagara,17136
Asian,2015,29077,Oneida,17506
Asian,2015,27803,Onondaga,8616
Asian,2015,22316,Ontario,13773
Asian,2015,46027,Orange,13925
Asian,2015,20758,Oswego,13505
Asian,2015,31917,Putnam,14304
Asian,2015,25091,Queens,819
Asian,2015,12267,Rensselaer,4346
Asian,2015,29164,Richmond,3450
Asian,2015,41587,Rockland,6167
Asian,2015,15442,St. Lawrence,7461
Asian,2015,40066,Saratoga,11322
Asian,2015,31565,Schenectady,12784
Asian,2015,35844,Steuben,10396
Asian,2015,35427,Suffolk,4676
Asian,2015,23473,Sullivan,7057
Asian,2015,25060,Tompkins,7094
Asian,2015,23815,Ulster,6539
Asian,2015,0,Warren,0
Asian,2015,0,Wayne,0
Asian,2015,53214,Westchester,5090
Mixed,2015,14473,Albany,3499
Mixed,2015,19823,Bronx,3270
Mixed,2015,7997,Broome,3756
Mixed,2015,9496,Cattaraugus,4306
Mixed,2015,0,Cayuga,0
Mixed,2015,4876,Chautauqua,2999
Mixed,2015,10502,Chemung,4084
Mixed,2015,8680,Clinton,4320
Mixed,2015,11598,Dutchess,4174
Mixed,2015,12595,Erie,3306
Mixed,2015,14554,Jefferson,7467
Mixed,2015,24114,Kings,3517
Mixed,2015,0,Livingston,0
Mixed,2015,0,Madison,0
Mixed,2015,12935,Monroe,2811
Mixed,2015,20009,Nassau,2288
Mixed,2015,34360,New York,5782
Mixed,2015,8091,Niagara,2761
Mixed,2015,8629,Oneida,3544
Mixed,2015,13314,Onondaga,2624
Mixed,2015,12783,Ontario,4562
Mixed,2015,17886,Orange,5203
Mixed,2015,11300,Oswego,3609
Mixed,2015,18019,Putnam,8180
Mixed,2015,22780,Queens,2330
Mixed,2015,8006,Rensselaer,3910
Mixed,2015,18761,Richmond,4349
Mixed,2015,21629,Rockland,6973
Mixed,2015,4135,St. Lawrence,2670
Mixed,2015,22177,Saratoga,8722
Mixed,2015,11965,Schenectady,3494
Mixed,2015,5530,Steuben,3336
Mixed,2015,18909,Suffolk,3512
Mixed,2015,12487,Sullivan,5012
Mixed,2015,7631,Tompkins,4950
Mixed,2015,13979,Ulster,4784
Mixed,2015,0,Warren,0
Mixed,2015,11147,Wayne,8882
Mixed,2015,20324,Westchester,4115
Black,2015,21253,Albany,9038
Black,2015,19573,Bronx,802
Black,2015,17548,Broome,4937
Black,2015,13970,Cattaraugus,12942
Black,2015,5964,Cayuga,2859
Black,2015,12265,Chautauqua,4529
Black,2015,12405,Chemung,4000
Black,2015,8832,Clinton,6137
Black,2015,22589,Dutchess,3019
Black,2015,16747,Erie,1078
Black,2015,15350,Jefferson,3659
Black,2015,22346,Kings,554
Black,2015,0,Livingston,0
Black,2015,17356,Madison,12022
Black,2015,15323,Monroe,858
Black,2015,31139,Nassau,2068
Black,2015,26593,New York,2083
Black,2015,13886,Niagara,2680
Black,2015,16056,Oneida,3919
Black,2015,18328,Onondaga,2751
Black,2015,14959,Ontario,6850
Black,2015,25286,Orange,2846
Black,2015,0,Oswego,0
Black,2015,12298,Putnam,6812
Black,2015,26179,Queens,871
Black,2015,22183,Rensselaer,4219
Black,2015,20496,Richmond,2288
Black,2015,26871,Rockland,2685
Black,2015,6730,St. Lawrence,3120
Black,2015,28805,Saratoga,9408
Black,2015,15809,Schenectady,3356
Black,2015,18673,Steuben,11464
Black,2015,25597,Suffolk,1655
Black,2015,13479,Sullivan,4445
Black,2015,16220,Tompkins,6776
Black,2015,16033,Ulster,4155
Black,2015,0,Warren,0
Black,2015,14967,Wayne,6875
Black,2015,29917,Westchester,2267
Latino,2015,16345,Albany,2337
Latino,2015,15473,Bronx,522
Latino,2015,18387,Broome,6745
Latino,2015,6127,Cattaraugus,2918
Latino,2015,14907,Cayuga,7962
Latino,2015,11708,Chautauqua,2978
Latino,2015,8172,Chemung,4453
Latino,2015,0,Clinton,0
Latino,2015,20195,Dutchess,1757
Latino,2015,16045,Erie,1765
Latino,2015,15612,Jefferson,3361
Latino,2015,18971,Kings,895
Latino,2015,10783,Livingston,6270
Latino,2015,0,Madison,0
Latino,2015,15072,Monroe,1379
Latino,2015,23158,Nassau,1196
Latino,2015,23647,New York,1536
Latino,2015,11583,Niagara,2620
Latino,2015,9180,Oneida,1374
Latino,2015,19809,Onondaga,4981
Latino,2015,12025,Ontario,2692
Latino,2015,20973,Orange,1245
Latino,2015,10615,Oswego,4034
Latino,2015,23902,Putnam,5585
Latino,2015,20912,Queens,674
Latino,2015,16619,Rensselaer,2820
Latino,2015,18482,Richmond,1428
Latino,2015,20960,Rockland,2057
Latino,2015,8519,St. Lawrence,5661
Latino,2015,31708,Saratoga,4690
Latino,2015,22240,Schenectady,5572
Latino,2015,11528,Steuben,6618
Latino,2015,20923,Suffolk,929
Latino,2015,13145,Sullivan,2900
Latino,2015,15259,Tompkins,4860
Latino,2015,18091,Ulster,3518
Latino,2015,10767,Warren,6952
Latino,2015,17699,Wayne,3250
Latino,2015,22712,Westchester,1715
Native,2015,11144,Albany,4164
Native,2015,15839,Bronx,3495
Native,2015,13278,Broome,8438
Native,2015,13642,Cattaraugus,3806
Native,2015,13181,Cayuga,5188
Native,2015,8510,Chautauqua,5751
Native,2015,0,Chemung,0
Native,2015,0,Clinton,0
Native,2015,0,Dutchess,0
Native,2015,12962,Erie,3424
Native,2015,24449,Jefferson,14415
Native,2015,18809,Kings,7123
Native,2015,0,Livingston,0
Native,2015,0,Madison,0
Native,2015,17635,Monroe,4965
Native,2015,24865,Nassau,9395
Native,2015,30797,New York,9818
Native,2015,16512,Niagara,8755
Native,2015,26492,Oneida,11392
Native,2015,35625,Onondaga,14679
Native,2015,0,Ontario,0
Native,2015,40163,Orange,29737
Native,2015,34356,Oswego,10446
Native,2015,0,Putnam,0
Native,2015,17808,Queens,3478
Native,2015,0,Rensselaer,0
Native,2015,39653,Richmond,19310
Native,2015,0,Rockland,0
Native,2015,21149,St. Lawrence,11068
Native,2015,0,Saratoga,0
Native,2015,0,Schenectady,0
Native,2015,0,Steuben,0
Native,2015,28522,Suffolk,19960
Native,2015,0,Sullivan,0
Native,2015,0,Tompkins,0
Native,2015,0,Ulster,0
Native,2015,0,Warren,0
Native,2015,20282,Wayne,19375
Native,2015,33602,Westchester,26656
Other,2015,13386,Albany,6127
Other,2015,14153,Bronx,662
Other,2015,13952,Broome,6633
Other,2015,0,Cattaraugus,0
Other,2015,0,Cayuga,0
Other,2015,14541,Chautauqua,6256
Other,2015,0,Chemung,0
Other,2015,0,Clinton,0
Other,2015,19017,Dutchess,3143
Other,2015,12989,Erie,2932
Other,2015,16926,Jefferson,8333
Other,2015,17465,Kings,1701
Other,2015,0,Livingston,0
Other,2015,0,Madison,0
Other,2015,18293,Monroe,3512
Other,2015,19117,Nassau,1881
Other,2015,20896,New York,4934
Other,2015,13167,Niagara,6560
Other,2015,8885,Oneida,2320
Other,2015,12916,Onondaga,3510
Other,2015,14910,Ontario,7300
Other,2015,20078,Orange,2315
Other,2015,8403,Oswego,5770
Other,2015,26236,Putnam,10566
Other,2015,19072,Queens,851
Other,2015,19837,Rensselaer,11079
Other,2015,14414,Richmond,3675
Other,2015,17993,Rockland,2299
Other,2015,2979,St. Lawrence,2424
Other,2015,52757,Saratoga,16495
Other,2015,17582,Schenectady,3357
Other,2015,4703,Steuben,2271
Other,2015,17797,Suffolk,1952
Other,2015,7263,Sullivan,3270
Other,2015,12817,Tompkins,6127
Other,2015,14215,Ulster,7870
Other,2015,0,Warren,0
Other,2015,27458,Wayne,9499
Other,2015,18456,Westchester,1599
Islander,2015,0,Albany,0
Islander,2015,0,Bronx,0
Islander,2015,0,Broome,0
Islander,2015,0,Cattaraugus,0
Islander,2015,0,Cayuga,0
Islander,2015,16540,Chautauqua,6756
Islander,2015,0,Chemung,0
Islander,2015,0,Clinton,0
Islander,2015,0,Dutchess,0
Islander,2015,0,Erie,0
Islander,2015,0,Jefferson,0
Islander,2015,0,Kings,0
Islander,2015,0,Livingston,0
Islander,2015,0,Madison,0
Islander,2015,0,Monroe,0
Islander,2015,0,Nassau,0
Islander,2015,15458,New York,8997
Islander,2015,0,Niagara,0
Islander,2015,0,Oneida,0
Islander,2015,0,Onondaga,0
Islander,2015,0,Ontario,0
Islander,2015,0,Orange,0
Islander,2015,0,Oswego,0
Islander,2015,0,Putnam,0
Islander,2015,0,Queens,0
Islander,2015,0,Rensselaer,0
Islander,2015,0,Richmond,0
Islander,2015,0,Rockland,0
Islander,2015,0,St. Lawrence,0
Islander,2015,0,Saratoga,0
Islander,2015,0,Schenectady,0
Islander,2015,0,Steuben,0
Islander,2015,0,Suffolk,0
Islander,2015,0,Sullivan,0
Islander,2015,0,Tompkins,0
Islander,2015,0,Ulster,0
Islander,2015,0,Warren,0
Islander,2015,0,Wayne,0
Islander,2015,0,Westchester,0
White,2016,38827,Albany,1496
White,2016,25512,Bronx,1270
White,2016,30001,Broome,1592
White,2016,24639,Cattaraugus,975
White,2016,29557,Cayuga,1668
White,2016,24116,Chautauqua,1269
White,2016,28273,Chemung,2041
White,2016,26865,Clinton,1594
White,2016,40813,Dutchess,1773
White,2016,35139,Erie,973
White,2016,25308,Jefferson,1274
White,2016,39742,Kings,954
White,2016,24974,Livingston,1087
White,2016,30395,Madison,2134
White,2016,35209,Monroe,1040
White,2016,53168,Nassau,1073
White,2016,92873,New York,2860
White,2016,29643,Niagara,1240
White,2016,29073,Oneida,1474
White,2016,34484,Onondaga,896
White,2016,34014,Ontario,1912
White,2016,34259,Orange,1332
White,2016,26057,Oswego,1375
White,2016,46474,Putnam,4038
White,2016,35817,Queens,833
White,2016,35480,Rensselaer,1728
White,2016,35699,Richmond,1476
White,2016,39252,Rockland,1492
White,2016,25111,St. Lawrence,1744
White,2016,41428,Saratoga,2282
White,2016,31586,Schenectady,1528
White,2016,28293,Steuben,2707
White,2016,43689,Suffolk,1008
White,2016,31455,Sullivan,3811
White,2016,30839,Tompkins,1647
White,2016,35774,Ulster,1778
White,2016,34364,Warren,3678
White,2016,29665,Wayne,1781
White,2016,61356,Westchester,1923
All,2016,34857,Albany,1418
All,2016,19369,Bronx,464
All,2016,27373,Broome,1427
All,2016,23841,Cattaraugus,972
All,2016,28023,Cayuga,1558
All,2016,23049,Chautauqua,1153
All,2016,27636,Chemung,1977
All,2016,25278,Clinton,1549
All,2016,37559,Dutchess,1476
All,2016,31450,Erie,795
All,2016,23964,Jefferson,1125
All,2016,30526,Kings,513
All,2016,23687,Livingston,972
All,2016,29509,Madison,2118
All,2016,31269,Monroe,850
All,2016,46482,Nassau,715
All,2016,68126,New York,1725
All,2016,27848,Niagara,1102
All,2016,27357,Oneida,1493
All,2016,31040,Onondaga,746
All,2016,32922,Ontario,1874
All,2016,31571,Orange,1108
All,2016,25432,Oswego,1279
All,2016,43309,Putnam,3510
All,2016,28609,Queens,439
All,2016,32904,Rensselaer,1522
All,2016,33559,Richmond,1249
All,2016,37038,Rockland,1528
All,2016,24212,St. Lawrence,1663
All,2016,41368,Saratoga,2323
All,2016,28485,Schenectady,1468
All,2016,28395,Steuben,2636
All,2016,40253,Suffolk,809
All,2016,27870,Sullivan,3187
All,2016,28013,Tompkins,1557
All,2016,33190,Ulster,1603
All,2016,34098,Warren,3618
All,2016,28775,Wayne,1689
All,2016,50631,Westchester,1315
Asian,2016,34499,Albany,8941
Asian,2016,21650,Bronx,2536
Asian,2016,15463,Broome,4282
Asian,2016,0,Cattaraugus,0
Asian,2016,30367,Cayuga,24573
Asian,2016,14943,Chautauqua,12460
Asian,2016,70821,Chemung,36933
Asian,2016,23496,Clinton,7667
Asian,2016,38446,Dutchess,10645
Asian,2016,27041,Erie,4274
Asian,2016,15935,Jefferson,9811
Asian,2016,26216,Kings,1455
Asian,2016,5443,Livingston,5361
Asian,2016,12462,Madison,11887
Asian,2016,28764,Monroe,5213
Asian,2016,44286,Nassau,2632
Asian,2016,62932,New York,5662
Asian,2016,16992,Niagara,7766
Asian,2016,27340,Oneida,19427
Asian,2016,24462,Onondaga,5855
Asian,2016,52584,Ontario,31375
Asian,2016,37165,Orange,9903
Asian,2016,20408,Oswego,16337
Asian,2016,34018,Putnam,21599
Asian,2016,24822,Queens,914
Asian,2016,24696,Rensselaer,6075
Asian,2016,37412,Richmond,5814
Asian,2016,51702,Rockland,6535
Asian,2016,20553,St. Lawrence,12461
Asian,2016,56382,Saratoga,18417
Asian,2016,27380,Schenectady,7183
Asian,2016,60875,Steuben,36112
Asian,2016,40208,Suffolk,4416
Asian,2016,24503,Sullivan,8713
Asian,2016,23674,Tompkins,6124
Asian,2016,34883,Ulster,19545
Asian,2016,0,Warren,0
Asian,2016,30039,Wayne,8868
Asian,2016,63538,Westchester,6355
Mixed,2016,16286,Albany,6226
Mixed,2016,16624,Bronx,3666
Mixed,2016,8150,Broome,2348
Mixed,2016,11167,Cattaraugus,4502
Mixed,2016,4722,Cayuga,3053
Mixed,2016,6662,Chautauqua,4308
Mixed,2016,10954,Chemung,7604
Mixed,2016,0,Clinton,0
Mixed,2016,14869,Dutchess,6334
Mixed,2016,13166,Erie,3188
Mixed,2016,9512,Jefferson,2778
Mixed,2016,25071,Kings,3044
Mixed,2016,0,Livingston,0
Mixed,2016,11158,Madison,4955
Mixed,2016,13238,Monroe,2013
Mixed,2016,21243,Nassau,2947
Mixed,2016,36631,New York,9086
Mixed,2016,10754,Niagara,3558
Mixed,2016,8849,Oneida,3689
Mixed,2016,14704,Onondaga,3909
Mixed,2016,12996,Ontario,7996
Mixed,2016,14456,Orange,4830
Mixed,2016,6791,Oswego,2515
Mixed,2016,22271,Putnam,14546
Mixed,2016,21958,Queens,1812
Mixed,2016,7221,Rensselaer,2078
Mixed,2016,19043,Richmond,8491
Mixed,2016,18344,Rockland,4589
Mixed,2016,11804,St. Lawrence,4937
Mixed,2016,29037,Saratoga,8466
Mixed,2016,14824,Schenectady,8786
Mixed,2016,22602,Steuben,8300
Mixed,2016,22192,Suffolk,3683
Mixed,2016,12972,Sullivan,12141
Mixed,2016,13317,Tompkins,5736
Mixed,2016,17155,Ulster,6209
Mixed,2016,13076,Warren,9061
Mixed,2016,10321,Wayne,4511
Mixed,2016,22368,Westchester,4260
Black,2016,20046,Albany,2681
Black,2016,20323,Bronx,773
Black,2016,12602,Broome,3056
Black,2016,7093,Cattaraugus,7256
Black,2016,9068,Cayuga,4201
Black,2016,7714,Chautauqua,2599
Black,2016,13992,Chemung,6448
Black,2016,0,Clinton,0
Black,2016,23316,Dutchess,3571
Black,2016,18107,Erie,1438
Black,2016,19361,Jefferson,4631
Black,2016,24685,Kings,1036
Black,2016,2038,Livingston,1228
Black,2016,14645,Madison,12647
Black,2016,17305,Monroe,1166
Black,2016,32447,Nassau,1512
Black,2016,25020,New York,1692
Black,2016,16425,Niagara,3068
Black,2016,14071,Oneida,2773
Black,2016,16335,Onondaga,1734
Black,2016,12595,Ontario,4922
Black,2016,27687,Orange,3477
Black,2016,12398,Oswego,5997
Black,2016,45042,Putnam,25643
Black,2016,27363,Queens,763
Black,2016,19702,Rensselaer,3715
Black,2016,24200,Richmond,3089
Black,2016,32239,Rockland,7741
Black,2016,3948,St. Lawrence,2119
Black,2016,27121,Saratoga,9836
Black,2016,17021,Schenectady,5242
Black,2016,18007,Steuben,7609
Black,2016,26862,Suffolk,1676
Black,2016,13696,Sullivan,4483
Black,2016,7152,Tompkins,3564
Black,2016,16839,Ulster,7544
Black,2016,20126,Warren,9569
Black,2016,18931,Wayne,4692
Black,2016,31237,Westchester,2396
Latino,2016,22701,Albany,4570
Latino,2016,16003,Bronx,514
Latino,2016,11959,Broome,3274
Latino,2016,12085,Cattaraugus,5795
Latino,2016,11995,Cayuga,5990
Latino,2016,9798,Chautauqua,1150
Latino,2016,14262,Chemung,6757
Latino,2016,14451,Clinton,7560
Latino,2016,26675,Dutchess,3548
Latino,2016,14920,Erie,2287
Latino,2016,12508,Jefferson,2352
Latino,2016,19270,Kings,643
Latino,2016,13620,Livingston,5736
Latino,2016,22144,Madison,11172
Latino,2016,16934,Monroe,1598
Latino,2016,26576,Nassau,1385
Latino,2016,24422,New York,1571
Latino,2016,18573,Niagara,3841
Latino,2016,11290,Oneida,2836
Latino,2016,17052,Onondaga,2468
Latino,2016,15012,Ontario,4593
Latino,2016,24068,Orange,1758
Latino,2016,12636,Oswego,6470
Latino,2016,24698,Putnam,4436
Latino,2016,21362,Queens,581
Latino,2016,14130,Rensselaer,3379
Latino,2016,21660,Richmond,2117
Latino,2016,21847,Rockland,3888
Latino,2016,7037,St. Lawrence,4597
Latino,2016,25248,Saratoga,5177
Latino,2016,15108,Schenectady,5494
Latino,2016,16243,Steuben,6960
Latino,2016,22431,Suffolk,1369
Latino,2016,12022,Sullivan,3723
Latino,2016,17874,Tompkins,5355
Latino,2016,16433,Ulster,5671
Latino,2016,16833,Warren,8105
Latino,2016,17115,Wayne,5191
Latino,2016,21948,Westchester,1087
Native,2016,20542,Albany,12585
Native,2016,13002,Bronx,3498
Native,2016,0,Broome,0
Native,2016,14485,Cattaraugus,3052
Native,2016,0,Cayuga,0
Native,2016,31740,Chautauqua,11863
Native,2016,0,Chemung,0
Native,2016,0,Clinton,0
Native,2016,25245,Dutchess,14150
Native,2016,15095,Erie,2936
Native,2016,16759,Jefferson,6345
Native,2016,18275,Kings,4204
Native,2016,0,Livingston,0
Native,2016,29863,Madison,10847
Native,2016,20621,Monroe,11574
Native,2016,52782,Nassau,39192
Native,2016,30904,New York,16541
Native,2016,15781,Niagara,8070
Native,2016,0,Oneida,0
Native,2016,32013,Onondaga,11840
Native,2016,0,Ontario,0
Native,2016,23261,Orange,7486
Native,2016,0,Oswego,0
Native,2016,0,Putnam,0
Native,2016,22144,Queens,5722
Native,2016,0,Rensselaer,0
Native,2016,0,Richmond,0
Native,2016,60586,Rockland,22948
Native,2016,18239,St. Lawrence,7229
Native,2016,0,Saratoga,0
Native,2016,0,Schenectady,0
Native,2016,0,Steuben,0
Native,2016,16243,Suffolk,4951
Native,2016,0,Sullivan,0
Native,2016,0,Tompkins,0
Native,2016,0,Ulster,0
Native,2016,0,Warren,0
Native,2016,0,Wayne,0
Native,2016,18952,Westchester,12815
Other,2016,16646,Albany,5030
Other,2016,15009,Bronx,696
Other,2016,12379,Broome,7817
Other,2016,25266,Cattaraugus,19293
Other,2016,0,Cayuga,0
Other,2016,11323,Chautauqua,3733
Other,2016,16523,Chemung,11352
Other,2016,15212,Clinton,9275
Other,2016,27452,Dutchess,11718
Other,2016,10848,Erie,1888
Other,2016,14222,Jefferson,7582
Other,2016,16136,Kings,940
Other,2016,22892,Livingston,8058
Other,2016,0,Madison,0
Other,2016,17158,Monroe,2984
Other,2016,20708,Nassau,1825
Other,2016,19163,New York,1741
Other,2016,23220,Niagara,9659
Other,2016,14455,Oneida,9808
Other,2016,13421,Onondaga,2960
Other,2016,10646,Ontario,6988
Other,2016,20509,Orange,2948
Other,2016,0,Oswego,0
Other,2016,16372,Putnam,4574
Other,2016,18714,Queens,701
Other,2016,15133,Rensselaer,4792
Other,2016,20668,Richmond,2345
Other,2016,22422,Rockland,5928
Other,2016,0,St. Lawrence,0
Other,2016,27356,Saratoga,8242
Other,2016,13458,Schenectady,3474
Other,2016,0,Steuben,0
Other,2016,18805,Suffolk,1790
Other,2016,7875,Sullivan,3583
Other,2016,14496,Tompkins,12880
Other,2016,12345,Ulster,7087
Other,2016,0,Warren,0
Other,2016,14201,Wayne,6562
Other,2016,16546,Westchester,1217
Islander,2016,0,Albany,0
Islander,2016,0,Bronx,0
Islander,2016,0,Broome,0
Islander,2016,0,Cattaraugus,0
Islander,2016,0,Cayuga,0
Islander,2016,0,Chautauqua,0
Islander,2016,0,Chemung,0
Islander,2016,0,Clinton,0
Islander,2016,0,Dutchess,0
Islander,2016,0,Erie,0
Islander,2016,0,Jefferson,0
Islander,2016,27497,Kings,17021
Islander,2016,0,Livingston,0
Islander,2016,0,Madison,0
Islander,2016,0,Monroe,0
Islander,2016,35308,Nassau,14102
Islander,2016,32798,New York,18594
Islander,2016,0,Niagara,0
Islander,2016,0,Oneida,0
Islander,2016,0,Onondaga,0
Islander,2016,0,Ontario,0
Islander,2016,0,Orange,0
Islander,2016,0,Oswego,0
Islander,2016,0,Putnam,0
Islander,2016,36706,Queens,17584
Islander,2016,0,Rensselaer,0
Islander,2016,0,Richmond,0
Islander,2016,0,Rockland,0
Islander,2016,0,St. Lawrence,0
Islander,2016,0,Saratoga,0
Islander,2016,0,Schenectady,0
Islander,2016,0,Steuben,0
Islander,2016,33148,Suffolk,22159
Islander,2016,0,Sullivan,0
Islander,2016,0,Tompkins,0
Islander,2016,0,Ulster,0
Islander,2016,0,Warren,0
Islander,2016,0,Wayne,0
Islander,2016,0,Westchester,0
White,2017,42340,Albany,1786
White,2017,28668,Bronx,1616
White,2017,29249,Broome,2400
White,2017,26256,Cattaraugus,1347
White,2017,31996,Cayuga,2222
White,2017,26472,Chautauqua,2192
White,2017,26569,Chemung,1658
White,2017,30341,Clinton,2629
White,2017,41933,Dutchess,1725
White,2017,35302,Erie,905
White,2017,24145,Jefferson,1073
White,2017,42382,Kings,976
White,2017,29511,Livingston,2404
White,2017,29023,Madison,1593
White,2017,36034,Monroe,946
White,2017,56133,Nassau,1505
White,2017,100123,New York,3882
White,2017,32102,Niagara,1629
White,2017,29706,Oneida,1599
White,2017,36012,Onondaga,1103
White,2017,37055,Ontario,2545
White,2017,35569,Orange,1182
White,2017,28542,Oswego,2802
White,2017,48343,Putnam,3259
White,2017,36520,Queens,839
White,2017,37897,Rensselaer,1654
White,2017,38645,Richmond,1398
White,2017,40452,Rockland,1938
White,2017,25425,St. Lawrence,1130
White,2017,43079,Saratoga,1727
White,2017,33918,Schenectady,2071
White,2017,26914,Steuben,1733
White,2017,44595,Suffolk,993
White,2017,30818,Sullivan,3376
White,2017,33226,Tompkins,2866
White,2017,35004,Ulster,2319
White,2017,34872,Warren,2448
White,2017,28006,Wayne,1801
White,2017,67008,Westchester,2010
All,2017,36974,Albany,1420
All,2017,20497,Bronx,593
All,2017,27117,Broome,2093
All,2017,25111,Cattaraugus,1296
All,2017,30178,Cayuga,1970
All,2017,25357,Chautauqua,2005
All,2017,25348,Chemung,1689
All,2017,28153,Clinton,2362
All,2017,38378,Dutchess,1361
All,2017,31889,Erie,834
All,2017,23356,Jefferson,1067
All,2017,32274,Kings,536
All,2017,28126,Livingston,2256
All,2017,28490,Madison,1546
All,2017,32183,Monroe,763
All,2017,48753,Nassau,1036
All,2017,72057,New York,2358
All,2017,30026,Niagara,1480
All,2017,27523,Oneida,1399
All,2017,32025,Onondaga,873
All,2017,35114,Ontario,2297
All,2017,33488,Orange,1038
All,2017,28085,Oswego,2708
All,2017,47667,Putnam,3415
All,2017,29857,Queens,374
All,2017,34700,Rensselaer,1428
All,2017,35205,Richmond,1141
All,2017,37651,Rockland,1428
All,2017,24267,St. Lawrence,1039
All,2017,42756,Saratoga,1733
All,2017,30210,Schenectady,1842
All,2017,27347,Steuben,1616
All,2017,41331,Suffolk,811
All,2017,27894,Sullivan,2812
All,2017,30545,Tompkins,2483
All,2017,32637,Ulster,1960
All,2017,34310,Warren,2360
All,2017,27006,Wayne,1625
All,2017,54116,Westchester,1360
Asian,2017,30714,Albany,6472
Asian,2017,20037,Bronx,2148
Asian,2017,21589,Broome,7446
Asian,2017,10680,Cattaraugus,5442
Asian,2017,32621,Cayuga,7318
Asian,2017,48010,Chautauqua,29770
Asian,2017,51994,Chemung,27671
Asian,2017,17006,Clinton,9931
Asian,2017,40712,Dutchess,6152
Asian,2017,26332,Erie,6559
Asian,2017,42704,Jefferson,19649
Asian,2017,26888,Kings,1506
Asian,2017,0,Livingston,0
Asian,2017,8185,Madison,3739
Asian,2017,36427,Monroe,6275
Asian,2017,46726,Nassau,2851
Asian,2017,61469,New York,5310
Asian,2017,11929,Niagara,8701
Asian,2017,13249,Oneida,3839
Asian,2017,21248,Onondaga,4818
Asian,2017,15918,Ontario,7879
Asian,2017,40803,Orange,9078
Asian,2017,0,Oswego,0
Asian,2017,69014,Putnam,30028
Asian,2017,26760,Queens,854
Asian,2017,22251,Rensselaer,6858
Asian,2017,30769,Richmond,3196
Asian,2017,42657,Rockland,5880
Asian,2017,22521,St. Lawrence,9226
Asian,2017,57487,Saratoga,24982
Asian,2017,19704,Schenectady,9638
Asian,2017,88158,Steuben,51648
Asian,2017,36207,Suffolk,3658
Asian,2017,22758,Sullivan,8256
Asian,2017,23072,Tompkins,5636
Asian,2017,25712,Ulster,8176
Asian,2017,0,Warren,0
Asian,2017,0,Wayne,0
Asian,2017,61769,Westchester,6842
Mixed,2017,15751,Albany,4556
Mixed,2017,21242,Bronx,4742
Mixed,2017,9202,Broome,3019
Mixed,2017,6056,Cattaraugus,2281
Mixed,2017,11098,Cayuga,4642
Mixed,2017,10036,Chautauqua,5343
Mixed,2017,13828,Chemung,5436
Mixed,2017,5170,Clinton,3835
Mixed,2017,20095,Dutchess,7400
Mixed,2017,11598,Erie,2889
Mixed,2017,9859,Jefferson,3282
Mixed,2017,31799,Kings,3373
Mixed,2017,10785,Livingston,7317
Mixed,2017,0,Madison,0
Mixed,2017,13391,Monroe,2714
Mixed,2017,24198,Nassau,2786
Mixed,2017,33447,New York,4031
Mixed,2017,15019,Niagara,6769
Mixed,2017,10367,Oneida,3475
Mixed,2017,14965,Onondaga,3040
Mixed,2017,9043,Ontario,6604
Mixed,2017,19496,Orange,5060
Mixed,2017,16336,Oswego,4002
Mixed,2017,23707,Putnam,11515
Mixed,2017,23038,Queens,2156
Mixed,2017,11214,Rensselaer,3910
Mixed,2017,22269,Richmond,9230
Mixed,2017,25894,Rockland,6842
Mixed,2017,9284,St. Lawrence,4509
Mixed,2017,25263,Saratoga,11458
Mixed,2017,15967,Schenectady,7359
Mixed,2017,9225,Steuben,3458
Mixed,2017,26311,Suffolk,6206
Mixed,2017,34923,Sullivan,17071
Mixed,2017,16486,Tompkins,6960
Mixed,2017,11421,Ulster,3737
Mixed,2017,4882,Warren,3320
Mixed,2017,5456,Wayne,3124
Mixed,2017,24431,Westchester,4247
Black,2017,18009,Albany,2177
Black,2017,20646,Bronx,975
Black,2017,12421,Broome,2504
Black,2017,9393,Cattaraugus,7699
Black,2017,6638,Cayuga,4212
Black,2017,8396,Chautauqua,2828
Black,2017,8853,Chemung,4223
Black,2017,5207,Clinton,3615
Black,2017,23542,Dutchess,3156
Black,2017,20338,Erie,2185
Black,2017,18069,Jefferson,3464
Black,2017,24733,Kings,693
Black,2017,10780,Livingston,7653
Black,2017,0,Madison,0
Black,2017,18163,Monroe,1571
Black,2017,32925,Nassau,1831
Black,2017,29895,New York,2658
Black,2017,14427,Niagara,2039
Black,2017,17634,Oneida,5090
Black,2017,15447,Onondaga,1934
Black,2017,19356,Ontario,9638
Black,2017,29663,Orange,3402
Black,2017,11047,Oswego,8714
Black,2017,0,Putnam,0
Black,2017,28540,Queens,908
Black,2017,17021,Rensselaer,3835
Black,2017,21972,Richmond,2428
Black,2017,32512,Rockland,3476
Black,2017,3266,St. Lawrence,1611
Black,2017,30105,Saratoga,14986
Black,2017,17744,Schenectady,4133
Black,2017,19299,Steuben,8058
Black,2017,26669,Suffolk,1868
Black,2017,12622,Sullivan,3778
Black,2017,13460,Tompkins,6493
Black,2017,29881,Ulster,7409
Black,2017,0,Warren,0
Black,2017,11361,Wayne,5809
Black,2017,31582,Westchester,2130
Latino,2017,19236,Albany,3017
Latino,2017,17167,Bronx,800
Latino,2017,11033,Broome,4241
Latino,2017,6034,Cattaraugus,2471
Latino,2017,10532,Cayuga,3719
Latino,2017,12886,Chautauqua,3068
Latino,2017,8253,Chemung,4565
Latino,2017,7547,Clinton,5095
Latino,2017,23879,Dutchess,2704
Latino,2017,16900,Erie,2595
Latino,2017,13931,Jefferson,2504
Latino,2017,21064,Kings,1476
Latino,2017,13645,Livingston,6897
Latino,2017,35436,Madison,12172
Latino,2017,15929,Monroe,1260
Latino,2017,26463,Nassau,1449
Latino,2017,29938,New York,3023
Latino,2017,14426,Niagara,4243
Latino,2017,16691,Oneida,7665
Latino,2017,15801,Onondaga,2175
Latino,2017,12920,Ontario,1725
Latino,2017,24505,Orange,1988
Latino,2017,17566,Oswego,15246
Latino,2017,32708,Putnam,12196
Latino,2017,23194,Queens,717
Latino,2017,19897,Rensselaer,4004
Latino,2017,23933,Richmond,2028
Latino,2017,23058,Rockland,3307
Latino,2017,12007,St. Lawrence,6601
Latino,2017,25213,Saratoga,6549
Latino,2017,13725,Schenectady,4777
Latino,2017,17926,Steuben,11651
Latino,2017,26022,Suffolk,1777
Latino,2017,14864,Sullivan,3915
Latino,2017,19280,Tompkins,7509
Latino,2017,16796,Ulster,2911
Latino,2017,24535,Warren,10110
Latino,2017,13046,Wayne,6458
Latino,2017,24069,Westchester,1215
Native,2017,22445,Albany,14449
Native,2017,17897,Bronx,5516
Native,2017,0,Broome,0
Native,2017,18644,Cattaraugus,8123
Native,2017,0,Cayuga,0
Native,2017,0,Chautauqua,0
Native,2017,0,Chemung,0
Native,2017,0,Clinton,0
Native,2017,0,Dutchess,0
Native,2017,23829,Erie,6395
Native,2017,30791,Jefferson,21940
Native,2017,0,Kings,0
Native,2017,0,Livingston,0
Native,2017,34413,Madison,11624
Native,2017,19539,Monroe,9369
Native,2017,22224,Nassau,10774
Native,2017,19143,New York,7892
Native,2017,19310,Niagara,6854
Native,2017,42764,Oneida,16778
Native,2017,10313,Onondaga,4010
Native,2017,0,Ontario,0
Native,2017,27319,Orange,13870
Native,2017,11601,Oswego,8521
Native,2017,0,Putnam,0
Native,2017,23004,Queens,5023
Native,2017,6627,Rensselaer,7962
Native,2017,22984,Richmond,13671
Native,2017,24075,Rockland,20179
Native,2017,12298,St. Lawrence,6360
Native,2017,40033,Saratoga,22431
Native,2017,0,Schenectady,0
Native,2017,14458,Steuben,14503
Native,2017,35830,Suffolk,12655
Native,2017,0,Sullivan,0
Native,2017,0,Tompkins,0
Native,2017,15539,Ulster,12074
Native,2017,0,Warren,0
Native,2017,0,Wayne,0
Native,2017,18774,Westchester,4835
Other,2017,14846,Albany,4532
Other,2017,15071,Bronx,775
Other,2017,8423,Broome,8612
Other,2017,0,Cattaraugus,0
Other,2017,13500,Cayuga,7769
Other,2017,12710,Chautauqua,3910
Other,2017,0,Chemung,0
Other,2017,6247,Clinton,6174
Other,2017,17657,Dutchess,5702
Other,2017,18190,Erie,5846
Other,2017,13061,Jefferson,6133
Other,2017,17201,Kings,1106
Other,2017,15319,Livingston,11777
Other,2017,0,Madison,0
Other,2017,16418,Monroe,3291
Other,2017,23526,Nassau,1891
Other,2017,21966,New York,3145
Other,2017,21090,Niagara,12783
Other,2017,11506,Oneida,6956
Other,2017,18773,Onondaga,5342
Other,2017,12937,Ontario,4061
Other,2017,23577,Orange,4095
Other,2017,0,Oswego,0
Other,2017,21555,Putnam,4562
Other,2017,21524,Queens,1013
Other,2017,13993,Rensselaer,3710
Other,2017,25709,Richmond,8308
Other,2017,12157,Rockland,2220
Other,2017,14068,St. Lawrence,9739
Other,2017,9027,Saratoga,5554
Other,2017,10825,Schenectady,3301
Other,2017,0,Steuben,0
Other,2017,22266,Suffolk,2118
Other,2017,14866,Sullivan,7931
Other,2017,1884,Tompkins,950
Other,2017,13375,Ulster,2668
Other,2017,0,Warren,0
Other,2017,13038,Wayne,8371
Other,2017,20516,Westchester,1632
Islander,2017,0,Albany,0
Islander,2017,24888,Bronx,15255
Islander,2017,0,Broome,0
Islander,2017,0,Cattaraugus,0
Islander,2017,0,Cayuga,0
Islander,2017,0,Chautauqua,0
Islander,2017,0,Chemung,0
Islander,2017,0,Clinton,0
Islander,2017,0,Dutchess,0
Islander,2017,0,Erie,0
Islander,2017,0,Jefferson,0
Islander,2017,54034,Kings,35407
Islander,2017,0,Livingston,0
Islander,2017,0,Madison,0
Islander,2017,0,Monroe,0
Islander,2017,0,Nassau,0
Islander,2017,52243,New York,44139
Islander,2017,0,Niagara,0
Islander,2017,0,Oneida,0
Islander,2017,0,Onondaga,0
Islander,2017,0,Ontario,0
Islander,2017,0,Orange,0
Islander,2017,0,Oswego,0
Islander,2017,0,Putnam,0
Islander,2017,30921,Queens,17110
Islander,2017,0,Rensselaer,0
Islander,2017,0,Richmond,0
Islander,2017,0,Rockland,0
Islander,2017,0,St. Lawrence,0
Islander,2017,0,Saratoga,0
Islander,2017,0,Schenectady,0
Islander,2017,0,Steuben,0
Islander,2017,0,Suffolk,0
Islander,2017,0,Sullivan,0
Islander,2017,0,Tompkins,0
Islander,2017,0,Ulster,0
Islander,2017,0,Warren,0
Islander,2017,0,Wayne,0
Islander,2017,0,Westchester,0
White,2018,39400,Rockland,2199
White,2018,31193,Sullivan,2792
White,2018,39348,Ulster,1967
White,2018,29139,Madison,2044
White,2018,38723,Queens,850
White,2018,70067,Westchester,1998
White,2018,0,Warren,0
White,2018,34209,Wayne,3124
White,2018,28331,Bronx,1578
White,2018,29457,Broome,1991
White,2018,41830,Dutchess,1681
White,2018,29812,Steuben,1626
White,2018,36780,Onondaga,1385
White,2018,37297,Ontario,2528
White,2018,31912,Chemung,3863
White,2018,27303,Jefferson,1549
White,2018,41031,Albany,1693
White,2018,36431,Erie,874
White,2018,57021,Nassau,1278
White,2018,37084,Orange,1604
White,2018,36729,Rensselaer,1773
White,2018,27153,Chautauqua,1486
White,2018,29971,Clinton,1877
White,2018,103192,New York,3234
White,2018,44052,Saratoga,1911
White,2018,25740,Cattaraugus,1377
White,2018,36953,Monroe,930
White,2018,36069,Tompkins,2934
White,2018,29661,Oneida,1066
White,2018,30154,Oswego,1942
White,2018,34101,Niagara,2309
White,2018,48200,Putnam,2672
White,2018,29511,Livingston,2260
White,2018,47239,Suffolk,911
White,2018,26721,St. Lawrence,1285
White,2018,30861,Cayuga,2229
White,2018,45225,Kings,991
White,2018,39388,Richmond,1396
White,2018,35328,Schenectady,1860
All,2018,37371,Rockland,1760
All,2018,29049,Sullivan,2346
All,2018,35400,Ulster,1690
All,2018,28421,Madison,2016
All,2018,31866,Queens,470
All,2018,56893,Westchester,1401
All,2018,33270,Warren,2817
All,2018,33106,Wayne,2967
All,2018,21712,Bronx,569
All,2018,28097,Broome,1724
All,2018,38897,Dutchess,1603
All,2018,29880,Steuben,1698
All,2018,33325,Onondaga,1138
All,2018,36344,Ontario,2497
All,2018,30185,Chemung,3355
All,2018,26769,Jefferson,1519
All,2018,36931,Albany,1423
All,2018,32795,Erie,777
All,2018,50397,Nassau,948
All,2018,34279,Orange,1287
All,2018,34381,Rensselaer,1712
All,2018,25964,Chautauqua,1360
All,2018,27980,Clinton,1657
All,2018,74911,New York,1872
All,2018,43386,Saratoga,1900
All,2018,25133,Cattaraugus,1334
All,2018,32970,Monroe,817
All,2018,32370,Tompkins,2546
All,2018,27883,Oneida,975
All,2018,29304,Oswego,1841
All,2018,32240,Niagara,2000
All,2018,46846,Putnam,2600
All,2018,28134,Livingston,2170
All,2018,43905,Suffolk,786
All,2018,25682,St. Lawrence,1199
All,2018,29116,Cayuga,2136
All,2018,34709,Kings,580
All,2018,35966,Richmond,1138
All,2018,31851,Schenectady,1377
Asian,2018,47879,Rockland,7318
Asian,2018,25003,Sullivan,15530
Asian,2018,8180,Ulster,4478
Asian,2018,29900,Madison,22995
Asian,2018,29435,Queens,967
Asian,2018,60993,Westchester,6696
Asian,2018,0,Warren,0
Asian,2018,40980,Wayne,18711
Asian,2018,25068,Bronx,3467
Asian,2018,29125,Broome,14919
Asian,2018,51721,Dutchess,10154
Asian,2018,41192,Steuben,23245
Asian,2018,29824,Onondaga,6678
Asian,2018,29672,Ontario,22647
Asian,2018,58662,Chemung,11972
Asian,2018,32062,Jefferson,19716
Asian,2018,39743,Albany,8026
Asian,2018,27785,Erie,5260
Asian,2018,48351,Nassau,2494
Asian,2018,47083,Orange,10225
Asian,2018,17181,Rensselaer,5761
Asian,2018,31329,Chautauqua,8324
Asian,2018,19798,Clinton,10104
Asian,2018,73255,New York,6507
Asian,2018,53085,Saratoga,15669
Asian,2018,44475,Cattaraugus,25186
Asian,2018,26621,Monroe,4679
Asian,2018,22472,Tompkins,5808
Asian,2018,16588,Oneida,3719
Asian,2018,18016,Oswego,10250
Asian,2018,27661,Niagara,8449
Asian,2018,37169,Putnam,17879
Asian,2018,29855,Livingston,14296
Asian,2018,41399,Suffolk,4837
Asian,2018,19598,St. Lawrence,10703
Asian,2018,19190,Cayuga,4632
Asian,2018,30968,Kings,1542
Asian,2018,31237,Richmond,3570
Asian,2018,28737,Schenectady,5448
Mixed,2018,17828,Rockland,5582
Mixed,2018,17358,Sullivan,14504
Mixed,2018,13511,Ulster,3992
Mixed,2018,21785,Madison,21630
Mixed,2018,26664,Queens,2829
Mixed,2018,25763,Westchester,7498
Mixed,2018,0,Warren,0
Mixed,2018,6948,Wayne,3080
Mixed,2018,24317,Bronx,6734
Mixed,2018,13571,Broome,5966
Mixed,2018,15564,Dutchess,3871
Mixed,2018,8975,Steuben,4031
Mixed,2018,14958,Onondaga,3058
Mixed,2018,15419,Ontario,11947
Mixed,2018,5560,Chemung,3022
Mixed,2018,24832,Jefferson,17553
Mixed,2018,14708,Albany,3057
Mixed,2018,16243,Erie,3106
Mixed,2018,27635,Nassau,5978
Mixed,2018,16663,Orange,4002
Mixed,2018,8956,Rensselaer,3188
Mixed,2018,12307,Chautauqua,4890
Mixed,2018,21057,Clinton,11924
Mixed,2018,40377,New York,8207
Mixed,2018,27856,Saratoga,14090
Mixed,2018,13457,Cattaraugus,9598
Mixed,2018,13734,Monroe,2718
Mixed,2018,10177,Tompkins,4652
Mixed,2018,12007,Oneida,6587
Mixed,2018,14273,Oswego,6413
Mixed,2018,8978,Niagara,3819
Mixed,2018,0,Putnam,0
Mixed,2018,0,Livingston,0
Mixed,2018,22653,Suffolk,4259
Mixed,2018,8992,St. Lawrence,5921
Mixed,2018,9372,Cayuga,5563
Mixed,2018,30469,Kings,3759
Mixed,2018,18102,Richmond,7351
Mixed,2018,9043,Schenectady,2943
Black,2018,34626,Rockland,6062
Black,2018,16948,Sullivan,3449
Black,2018,15928,Ulster,2910
Black,2018,5676,Madison,3450
Black,2018,30154,Queens,1078
Black,2018,33470,Westchester,2388
Black,2018,0,Warren,0
Black,2018,18918,Wayne,9104
Black,2018,22154,Bronx,1061
Black,2018,15718,Broome,3707
Black,2018,28852,Dutchess,4298
Black,2018,54423,Steuben,32917
Black,2018,17947,Onondaga,2127
Black,2018,42059,Ontario,31336
Black,2018,15157,Chemung,6510
Black,2018,17904,Jefferson,4265
Black,2018,19367,Albany,1950
Black,2018,19803,Erie,1313
Black,2018,38236,Nassau,1996
Black,2018,28363,Orange,3077
Black,2018,27898,Rensselaer,15258
Black,2018,11686,Chautauqua,5406
Black,2018,0,Clinton,0
Black,2018,28901,New York,2309
Black,2018,24740,Saratoga,10473
Black,2018,11763,Cattaraugus,5897
Black,2018,20868,Monroe,2151
Black,2018,21116,Tompkins,11510
Black,2018,21821,Oneida,7875
Black,2018,9179,Oswego,2429
Black,2018,22287,Niagara,5390
Black,2018,78139,Putnam,51213
Black,2018,6891,Livingston,4987
Black,2018,29207,Suffolk,2204
Black,2018,0,St. Lawrence,0
Black,2018,5754,Cayuga,5817
Black,2018,26793,Kings,770
Black,2018,26247,Richmond,2506
Black,2018,22090,Schenectady,4336
Latino,2018,28303,Rockland,3900
Latino,2018,20707,Sullivan,4710
Latino,2018,17533,Ulster,3216
Latino,2018,10225,Madison,8011
Latino,2018,24007,Queens,756
Latino,2018,29589,Westchester,2087
Latino,2018,0,Warren,0
Latino,2018,18694,Wayne,4702
Latino,2018,17847,Bronx,666
Latino,2018,16218,Broome,4290
Latino,2018,22326,Dutchess,2497
Latino,2018,16607,Steuben,8130
Latino,2018,17034,Onondaga,2593
Latino,2018,15206,Ontario,4861
Latino,2018,25668,Chemung,10818
Latino,2018,19754,Jefferson,3482
Latino,2018,23086,Albany,5699
Latino,2018,18945,Erie,3797
Latino,2018,27988,Nassau,1423
Latino,2018,23604,Orange,2277
Latino,2018,14675,Rensselaer,3644
Latino,2018,12420,Chautauqua,4704
Latino,2018,9506,Clinton,3934
Latino,2018,27252,New York,2117
Latino,2018,28545,Saratoga,12224
Latino,2018,22413,Cattaraugus,10167
Latino,2018,17720,Monroe,1416
Latino,2018,20894,Tompkins,18153
Latino,2018,15699,Oneida,3222
Latino,2018,23421,Oswego,14080
Latino,2018,19846,Niagara,6454
Latino,2018,28780,Putnam,4965
Latino,2018,8129,Livingston,4711
Latino,2018,26695,Suffolk,1301
Latino,2018,8069,St. Lawrence,4501
Latino,2018,9314,Cayuga,3239
Latino,2018,22805,Kings,973
Latino,2018,24621,Richmond,1872
Latino,2018,13621,Schenectady,3403
Native,2018,0,Rockland,0
Native,2018,0,Sullivan,0
Native,2018,21134,Ulster,9316
Native,2018,0,Madison,0
Native,2018,23975,Queens,7081
Native,2018,42077,Westchester,21871
Native,2018,0,Warren,0
Native,2018,0,Wayne,0
Native,2018,16304,Bronx,4496
Native,2018,40758,Broome,32714
Native,2018,21726,Dutchess,15505
Native,2018,0,Steuben,0
Native,2018,21096,Onondaga,7796
Native,2018,0,Ontario,0
Native,2018,0,Chemung,0
Native,2018,11509,Jefferson,10515
Native,2018,0,Albany,0
Native,2018,15345,Erie,3256
Native,2018,19221,Nassau,4732
Native,2018,18545,Orange,7307
Native,2018,27982,Rensselaer,22657
Native,2018,11405,Chautauqua,4014
Native,2018,0,Clinton,0
Native,2018,26810,New York,9673
Native,2018,33926,Saratoga,27671
Native,2018,20523,Cattaraugus,6089
Native,2018,17031,Monroe,6493
Native,2018,0,Tompkins,0
Native,2018,0,Oneida,0
Native,2018,0,Oswego,0
Native,2018,24405,Niagara,7617
Native,2018,0,Putnam,0
Native,2018,0,Livingston,0
Native,2018,16537,Suffolk,4111
Native,2018,30501,St. Lawrence,13345
Native,2018,0,Cayuga,0
Native,2018,25799,Kings,5351
Native,2018,0,Richmond,0
Native,2018,23918,Schenectady,11017
Other,2018,21949,Rockland,5163
Other,2018,22688,Sullivan,12936
Other,2018,21792,Ulster,7860
Other,2018,0,Madison,0
Other,2018,22057,Queens,1056
Other,2018,24129,Westchester,3213
Other,2018,0,Warren,0
Other,2018,25178,Wayne,9751
Other,2018,16158,Bronx,768
Other,2018,15477,Broome,10753
Other,2018,19536,Dutchess,4923
Other,2018,10382,Steuben,8169
Other,2018,24024,Onondaga,5378
Other,2018,14001,Ontario,4124
Other,2018,17259,Chemung,3240
Other,2018,32324,Jefferson,9268
Other,2018,40449,Albany,24060
Other,2018,17376,Erie,7847
Other,2018,22065,Nassau,2077
Other,2018,22451,Orange,3936
Other,2018,21734,Rensselaer,8057
Other,2018,12862,Chautauqua,4345
Other,2018,7455,Clinton,4269
Other,2018,18358,New York,1576
Other,2018,22359,Saratoga,13737
Other,2018,15114,Cattaraugus,6567
Other,2018,19273,Monroe,3483
Other,2018,5870,Tompkins,2005
Other,2018,10737,Oneida,2359
Other,2018,0,Oswego,0
Other,2018,12888,Niagara,12093
Other,2018,24819,Putnam,5256
Other,2018,14754,Livingston,5970
Other,2018,22016,Suffolk,1936
Other,2018,5969,St. Lawrence,4665
Other,2018,11431,Cayuga,5532
Other,2018,18523,Kings,994
Other,2018,21741,Richmond,5183
Other,2018,17768,Schenectady,10051
Islander,2018,0,Rockland,0
Islander,2018,0,Sullivan,0
Islander,2018,0,Ulster,0
Islander,2018,0,Madison,0
Islander,2018,0,Queens,0
Islander,2018,0,Westchester,0
Islander,2018,0,Warren,0
Islander,2018,0,Wayne,0
Islander,2018,11400,Bronx,1338
Islander,2018,0,Broome,0
Islander,2018,0,Dutchess,0
Islander,2018,0,Steuben,0
Islander,2018,0,Onondaga,0
Islander,2018,0,Ontario,0
Islander,2018,0,Chemung,0
Islander,2018,0,Jefferson,0
Islander,2018,0,Albany,0
Islander,2018,0,Erie,0
Islander,2018,15416,Nassau,7262
Islander,2018,0,Orange,0
Islander,2018,0,Rensselaer,0
Islander,2018,0,Chautauqua,0
Islander,2018,0,Clinton,0
Islander,2018,27915,New York,16562
Islander,2018,0,Saratoga,0
Islander,2018,0,Cattaraugus,0
Islander,2018,0,Monroe,0
Islander,2018,0,Tompkins,0
Islander,2018,0,Oneida,0
Islander,2018,0,Oswego,0
Islander,2018,0,Niagara,0
Islander,2018,0,Putnam,0
Islander,2018,0,Livingston,0
Islander,2018,0,Suffolk,0
Islander,2018,0,St. Lawrence,0
Islander,2018,0,Cayuga,0
Islander,2018,9831,Kings,7485
Islander,2018,0,Richmond,0
Islander,2018,0,Schenectady,0
