race,date,meanIncome,county,percentage
total,2010,29914,Albany,100
total,2010,16671,Bronx,100
total,2010,23066,Broome,100
total,2010,21084,Cattaraugus,100
total,2010,22629,Cayuga,100
total,2010,20358,Chautauqua,100
total,2010,24437,Chemung,100
total,2010,21666,Clinton,100
total,2010,31796,Dutchess,100
total,2010,25387,Erie,100
total,2010,22514,Jefferson,100
total,2010,23218,Kings,100
total,2010,22516,Livingston,100
total,2010,23661,Madison,100
total,2010,26805,Monroe,100
total,2010,39935,Nassau,100
total,2010,56556,New York,100
total,2010,24292,Niagara,100
total,2010,23043,Oneida,100
total,2010,26908,Onondaga,100
total,2010,29436,Ontario,100
total,2010,27862,Orange,100
total,2010,21648,Oswego,100
total,2010,35526,Putnam,100
total,2010,24530,Queens,100
total,2010,27443,Rensselaer,100
total,2010,30122,Richmond,100
total,2010,33228,Rockland,100
total,2010,22056,St. Lawrence,100
total,2010,33155,Saratoga,100
total,2010,26512,Schenectady,100
total,2010,24435,Steuben,100
total,2010,34582,Suffolk,100
total,2010,23547,Sullivan,100
total,2010,25041,Tompkins,100
total,2010,26701,Ulster,100
total,2010,28360,Warren,100
total,2010,24337,Wayne,100
total,2010,45554,Westchester,100
white,2010,33241,Albany,0
white,2010,22236,Bronx,0
white,2010,24295,Broome,0
white,2010,21512,Cattaraugus,0
white,2010,23627,Cayuga,0
white,2010,21023,Chautauqua,0
white,2010,25289,Chemung,0
white,2010,22826,Clinton,0
white,2010,33524,Dutchess,0
white,2010,27744,Erie,0
white,2010,23314,Jefferson,0
white,2010,28369,Kings,0
white,2010,23001,Livingston,94
white,2010,24276,Madison,0
white,2010,30222,Monroe,0
white,2010,45317,Nassau,0
white,2010,77052,New York,0
white,2010,25634,Niagara,0
white,2010,24939,Oneida,0
white,2010,29748,Onondaga,0
white,2010,30563,Ontario,0
white,2010,29873,Orange,0
white,2010,22062,Oswego,0
white,2010,37698,Putnam,87
white,2010,28921,Queens,42
white,2010,29193,Rensselaer,0
white,2010,32801,Richmond,0
white,2010,35337,Rockland,0
white,2010,22585,St. Lawrence,0
white,2010,33724,Saratoga,0
white,2010,29454,Schenectady,81
white,2010,24515,Steuben,0
white,2010,37664,Suffolk,81
white,2010,25410,Sullivan,0
white,2010,27630,Tompkins,0
white,2010,28476,Ulster,0
white,2010,0,Warren,0
white,2010,24979,Wayne,0
white,2010,54883,Westchester,0
black,2010,15813,Albany,0
black,2010,16645,Bronx,35
black,2010,10200,Broome,0
black,2010,12155,Cattaraugus,0
black,2010,5073,Cayuga,0
black,2010,11424,Chautauqua,0
black,2010,20991,Chemung,0
black,2010,4468,Clinton,0
black,2010,21593,Dutchess,0
black,2010,15443,Erie,13
black,2010,18138,Jefferson,0
black,2010,20435,Kings,0
black,2010,0,Livingston,0
black,2010,0,Madison,0
black,2010,15323,Monroe,0
black,2010,25622,Nassau,0
black,2010,22828,New York,0
black,2010,13518,Niagara,0
black,2010,10153,Oneida,0
black,2010,13992,Onondaga,0
black,2010,16566,Ontario,0
black,2010,24011,Orange,0
black,2010,14321,Oswego,0
black,2010,32877,Putnam,2
black,2010,22920,Queens,0
black,2010,14633,Rensselaer,0
black,2010,21368,Richmond,0
black,2010,27261,Rockland,0
black,2010,5752,St. Lawrence,0
black,2010,22742,Saratoga,0
black,2010,13693,Schenectady,0
black,2010,12097,Steuben,2
black,2010,23313,Suffolk,0
black,2010,13187,Sullivan,0
black,2010,9799,Tompkins,0
black,2010,15303,Ulster,0
black,2010,0,Warren,0
black,2010,14420,Wayne,0
black,2010,28317,Westchester,0
native,2010,25723,Albany,0
native,2010,12330,Bronx,0
native,2010,32277,Broome,0
native,2010,17559,Cattaraugus,0
native,2010,0,Cayuga,0
native,2010,17481,Chautauqua,0
native,2010,0,Chemung,0
native,2010,0,Clinton,0
native,2010,22591,Dutchess,0
native,2010,15364,Erie,0
native,2010,11435,Jefferson,0
native,2010,14259,Kings,0
native,2010,0,Livingston,0
native,2010,0,Madison,0
native,2010,28665,Monroe,0
native,2010,21530,Nassau,0
native,2010,16416,New York,0
native,2010,22658,Niagara,0
native,2010,25460,Oneida,0
native,2010,18981,Onondaga,0
native,2010,15118,Ontario,0
native,2010,34594,Orange,0
native,2010,10868,Oswego,0
native,2010,0,Putnam,0
native,2010,19690,Queens,0
native,2010,16400,Rensselaer,0
native,2010,0,Richmond,0
native,2010,31982,Rockland,0
native,2010,19566,St. Lawrence,0
native,2010,0,Saratoga,0
native,2010,13996,Schenectady,0
native,2010,0,Steuben,0
native,2010,21579,Suffolk,0
native,2010,0,Sullivan,0
native,2010,0,Tompkins,0
native,2010,0,Ulster,0
native,2010,0,Warren,0
native,2010,0,Wayne,0
native,2010,30958,Westchester,0
asian,2010,25427,Albany,0
asian,2010,21288,Bronx,0
asian,2010,15398,Broome,0
asian,2010,16512,Cattaraugus,0
asian,2010,18039,Cayuga,0
asian,2010,10762,Chautauqua,0
asian,2010,0,Chemung,1
asian,2010,9486,Clinton,0
asian,2010,41911,Dutchess,0
asian,2010,22360,Erie,0
asian,2010,28596,Jefferson,0
asian,2010,18124,Kings,0
asian,2010,0,Livingston,0
asian,2010,0,Madison,0
asian,2010,20369,Monroe,0
asian,2010,33382,Nassau,0
asian,2010,50899,New York,0
asian,2010,14406,Niagara,1
asian,2010,13793,Oneida,3
asian,2010,20036,Onondaga,0
asian,2010,15532,Ontario,0
asian,2010,33796,Orange,0
asian,2010,10541,Oswego,0
asian,2010,47865,Putnam,2
asian,2010,22096,Queens,0
asian,2010,14474,Rensselaer,0
asian,2010,23700,Richmond,8
asian,2010,37222,Rockland,0
asian,2010,24333,St. Lawrence,0
asian,2010,48191,Saratoga,0
asian,2010,21611,Schenectady,0
asian,2010,42979,Steuben,0
asian,2010,31134,Suffolk,0
asian,2010,28781,Sullivan,0
asian,2010,15131,Tompkins,0
asian,2010,14332,Ulster,0
asian,2010,0,Warren,0
asian,2010,0,Wayne,0
asian,2010,53234,Westchester,0
islander,2010,0,Albany,0
islander,2010,0,Bronx,0
islander,2010,0,Broome,0
islander,2010,0,Cattaraugus,0
islander,2010,0,Cayuga,0
islander,2010,0,Chautauqua,0
islander,2010,0,Chemung,0
islander,2010,0,Clinton,0
islander,2010,0,Dutchess,0
islander,2010,0,Erie,0
islander,2010,0,Jefferson,0
islander,2010,22507,Kings,0
islander,2010,0,Livingston,0
islander,2010,0,Madison,0
islander,2010,0,Monroe,0
islander,2010,0,Nassau,0
islander,2010,0,New York,0
islander,2010,0,Niagara,0
islander,2010,0,Oneida,0
islander,2010,0,Onondaga,0
islander,2010,0,Ontario,0
islander,2010,0,Orange,0
islander,2010,0,Oswego,0
islander,2010,0,Putnam,0
islander,2010,0,Queens,0
islander,2010,0,Rensselaer,0
islander,2010,0,Richmond,0
islander,2010,0,Rockland,0
islander,2010,0,St. Lawrence,0
islander,2010,0,Saratoga,0
islander,2010,0,Schenectady,0
islander,2010,0,Steuben,0
islander,2010,0,Suffolk,0
islander,2010,0,Sullivan,0
islander,2010,0,Tompkins,0
islander,2010,0,Ulster,0
islander,2010,0,Warren,0
islander,2010,0,Wayne,0
islander,2010,0,Westchester,0
other,2010,18575,Albany,0
other,2010,13088,Bronx,34
other,2010,10855,Broome,0
other,2010,0,Cattaraugus,0
other,2010,0,Cayuga,0
other,2010,17194,Chautauqua,0
other,2010,0,Chemung,0
other,2010,0,Clinton,0
other,2010,18334,Dutchess,0
other,2010,12671,Erie,0
other,2010,13573,Jefferson,0
other,2010,14883,Kings,0
other,2010,26676,Livingston,0
other,2010,0,Madison,0
other,2010,13731,Monroe,0
other,2010,19012,Nassau,0
other,2010,16764,New York,0
other,2010,0,Niagara,0
other,2010,7490,Oneida,0
other,2010,7781,Onondaga,0
other,2010,0,Ontario,0
other,2010,18382,Orange,0
other,2010,0,Oswego,0
other,2010,14046,Putnam,0
other,2010,17971,Queens,0
other,2010,18005,Rensselaer,0
other,2010,17487,Richmond,0
other,2010,17485,Rockland,0
other,2010,1457,St. Lawrence,0
other,2010,15865,Saratoga,0
other,2010,10701,Schenectady,0
other,2010,0,Steuben,0
other,2010,16252,Suffolk,6
other,2010,17205,Sullivan,0
other,2010,0,Tompkins,0
other,2010,12887,Ulster,0
other,2010,0,Warren,0
other,2010,0,Wayne,0
other,2010,14881,Westchester,0
mixed,2010,12511,Albany,0
mixed,2010,12232,Bronx,0
mixed,2010,14985,Broome,0
mixed,2010,15482,Cattaraugus,0
mixed,2010,6103,Cayuga,1
mixed,2010,5197,Chautauqua,0
mixed,2010,6381,Chemung,3
mixed,2010,0,Clinton,0
mixed,2010,23520,Dutchess,0
mixed,2010,12719,Erie,0
mixed,2010,9896,Jefferson,3
mixed,2010,17681,Kings,2
mixed,2010,13279,Livingston,0
mixed,2010,5822,Madison,0
mixed,2010,8855,Monroe,0
mixed,2010,23201,Nassau,0
mixed,2010,24954,New York,0
mixed,2010,11234,Niagara,2
mixed,2010,8445,Oneida,0
mixed,2010,11245,Onondaga,0
mixed,2010,5634,Ontario,0
mixed,2010,9354,Orange,0
mixed,2010,9195,Oswego,0
mixed,2010,7138,Putnam,0
mixed,2010,19199,Queens,0
mixed,2010,13768,Rensselaer,0
mixed,2010,21188,Richmond,0
mixed,2010,29461,Rockland,0
mixed,2010,18847,St. Lawrence,2
mixed,2010,13071,Saratoga,0
mixed,2010,4935,Schenectady,2
mixed,2010,10160,Steuben,0
mixed,2010,14324,Suffolk,2
mixed,2010,19650,Sullivan,0
mixed,2010,12776,Tompkins,0
mixed,2010,12104,Ulster,0
mixed,2010,0,Warren,0
mixed,2010,8171,Wayne,0
mixed,2010,17424,Westchester,0
latino,2010,18111,Albany,5
latino,2010,13610,Bronx,0
latino,2010,8591,Broome,0
latino,2010,13115,Cattaraugus,0
latino,2010,5077,Cayuga,0
latino,2010,10240,Chautauqua,0
latino,2010,11268,Chemung,0
latino,2010,10533,Clinton,0
latino,2010,21808,Dutchess,0
latino,2010,14000,Erie,0
latino,2010,15453,Jefferson,0
latino,2010,15603,Kings,0
latino,2010,13683,Livingston,0
latino,2010,7278,Madison,0
latino,2010,13408,Monroe,0
latino,2010,20642,Nassau,0
latino,2010,20276,New York,0
latino,2010,18445,Niagara,0
latino,2010,8740,Oneida,0
latino,2010,11957,Onondaga,0
latino,2010,13610,Ontario,0
latino,2010,19111,Orange,0
latino,2010,7128,Oswego,0
latino,2010,17050,Putnam,0
latino,2010,19088,Queens,0
latino,2010,8200,Rensselaer,0
latino,2010,21123,Richmond,0
latino,2010,21480,Rockland,0
latino,2010,13352,St. Lawrence,0
latino,2010,21710,Saratoga,0
latino,2010,12011,Schenectady,0
latino,2010,19704,Steuben,0
latino,2010,18853,Suffolk,0
latino,2010,17768,Sullivan,0
latino,2010,16463,Tompkins,0
latino,2010,15486,Ulster,0
latino,2010,0,Warren,0
latino,2010,10190,Wayne,0
latino,2010,18863,Westchester,0
total,2011,30154,Albany,100
total,2011,16879,Bronx,100
total,2011,23667,Broome,100
total,2011,20950,Cattaraugus,100
total,2011,24139,Cayuga,100
total,2011,20693,Chautauqua,100
total,2011,26467,Chemung,100
total,2011,24050,Clinton,100
total,2011,31667,Dutchess,100
total,2011,26817,Erie,100
total,2011,21908,Jefferson,100
total,2011,23577,Kings,100
total,2011,22218,Livingston,100
total,2011,24653,Madison,100
total,2011,27165,Monroe,100
total,2011,40351,Nassau,100
total,2011,59398,New York,100
total,2011,24856,Niagara,100
total,2011,24872,Oneida,100
total,2011,27216,Onondaga,100
total,2011,28536,Ontario,100
total,2011,29089,Orange,100
total,2011,21161,Oswego,100
total,2011,39611,Putnam,100
total,2011,25088,Queens,100
total,2011,28615,Rensselaer,100
total,2011,30274,Richmond,100
total,2011,33209,Rockland,100
total,2011,21169,St. Lawrence,100
total,2011,33413,Saratoga,100
total,2011,27153,Schenectady,100
total,2011,23238,Steuben,100
total,2011,35049,Suffolk,100
total,2011,23751,Sullivan,100
total,2011,26435,Tompkins,100
total,2011,27797,Ulster,100
total,2011,27902,Warren,100
total,2011,26010,Wayne,100
total,2011,45450,Westchester,100
white,2011,33844,Albany,77.3
white,2011,22618,Bronx,22.6
white,2011,25080,Broome,88.8
white,2011,20955,Cattaraugus,92.8
white,2011,25369,Cayuga,92.5
white,2011,21365,Chautauqua,92.9
white,2011,28287,Chemung,89.6
white,2011,25630,Clinton,92.1
white,2011,34330,Dutchess,78.3
white,2011,29749,Erie,79.7
white,2011,22731,Jefferson,87.0
white,2011,30034,Kings,43.7
white,2011,23384,Livingston,93.0
white,2011,25004,Madison,94.2
white,2011,31040,Monroe,76.2
white,2011,45676,Nassau,71.5
white,2011,83602,New York,56.1
white,2011,26290,Niagara,88.4
white,2011,26746,Oneida,86.6
white,2011,30047,Onondaga,81.5
white,2011,29867,Ontario,92.9
white,2011,31710,Orange,74.9
white,2011,21625,Oswego,95.9
white,2011,40210,Putnam,89.5
white,2011,29960,Queens,41.7
white,2011,30416,Rensselaer,88.0
white,2011,32697,Richmond,76.8
white,2011,35187,Rockland,70.2
white,2011,21611,St. Lawrence,93.5
white,2011,33908,Saratoga,94.1
white,2011,30281,Schenectady,80.5
white,2011,23565,Steuben,94.8
white,2011,38102,Suffolk,81.0
white,2011,24378,Sullivan,79.5
white,2011,28951,Tompkins,82.1
white,2011,29638,Ulster,87.6
white,2011,28510,Warren,96.5
white,2011,26772,Wayne,93.7
white,2011,55336,Westchester,66.6
black,2011,16594,Albany,12.6
black,2011,17373,Bronx,34.1
black,2011,12073,Broome,4.6
black,2011,18802,Cattaraugus,0.8
black,2011,7989,Cayuga,4.5
black,2011,13071,Chautauqua,2.3
black,2011,7614,Chemung,6.7
black,2011,2548,Clinton,4.5
black,2011,22212,Dutchess,9.7
black,2011,14043,Erie,12.9
black,2011,18007,Jefferson,5.2
black,2011,19262,Kings,34.0
black,2011,9915,Livingston,2.8
black,2011,0,Madison,1.2
black,2011,13692,Monroe,15.2
black,2011,26589,Nassau,11.2
black,2011,25235,New York,14.9
black,2011,13590,Niagara,7.6
black,2011,13454,Oneida,5.5
black,2011,13417,Onondaga,10.8
black,2011,4332,Ontario,2.2
black,2011,23918,Orange,9.7
black,2011,0,Oswego,1.1
black,2011,50839,Putnam,1.7
black,2011,23254,Queens,19.0
black,2011,15613,Rensselaer,5.8
black,2011,20809,Richmond,11.1
black,2011,28429,Rockland,12.3
black,2011,7706,St. Lawrence,1.9
black,2011,26346,Saratoga,1.7
black,2011,11410,Schenectady,9.5
black,2011,11195,Steuben,1.9
black,2011,23269,Suffolk,7.5
black,2011,29055,Sullivan,8.0
black,2011,15427,Tompkins,4.3
black,2011,14164,Ulster,5.8
black,2011,11499,Warren,1.6
black,2011,12803,Wayne,3.8
black,2011,25520,Westchester,14.7
native,2011,25676,Albany,0.3
native,2011,14140,Bronx,0.5
native,2011,16181,Broome,0.4
native,2011,13066,Cattaraugus,4.2
native,2011,10891,Cayuga,0.2
native,2011,11621,Chautauqua,0.6
native,2011,0,Chemung,0.1
native,2011,0,Clinton,0.6
native,2011,25347,Dutchess,0.2
native,2011,23618,Erie,0.5
native,2011,8642,Jefferson,0.4
native,2011,16874,Kings,0.3
native,2011,0,Livingston,0.1
native,2011,26107,Madison,1.4
native,2011,8259,Monroe,0.2
native,2011,11835,Nassau,0.2
native,2011,15551,New York,0.3
native,2011,19382,Niagara,1.1
native,2011,12107,Oneida,0.3
native,2011,20254,Onondaga,0.6
native,2011,0,Ontario,0.0
native,2011,13422,Orange,0.4
native,2011,7850,Oswego,0.5
native,2011,0,Putnam,0.0
native,2011,21389,Queens,0.3
native,2011,0,Rensselaer,0.2
native,2011,0,Richmond,0.1
native,2011,28400,Rockland,0.3
native,2011,19200,St. Lawrence,0.9
native,2011,0,Saratoga,0.0
native,2011,0,Schenectady,0.1
native,2011,33696,Steuben,0.4
native,2011,28170,Suffolk,0.2
native,2011,0,Sullivan,0.1
native,2011,0,Tompkins,0.2
native,2011,0,Ulster,0.1
native,2011,0,Warren,0.2
native,2011,0,Wayne,0.2
native,2011,21341,Westchester,0.1
asian,2011,21435,Albany,5.1
asian,2011,19202,Bronx,3.5
asian,2011,15764,Broome,3.8
asian,2011,0,Cattaraugus,0.4
asian,2011,0,Cayuga,0.2
asian,2011,38304,Chautauqua,0.7
asian,2011,12623,Chemung,1.6
asian,2011,10970,Clinton,0.6
asian,2011,35358,Dutchess,4.0
asian,2011,25282,Erie,2.7
asian,2011,35625,Jefferson,1.6
asian,2011,20523,Kings,10.6
asian,2011,2528,Livingston,1.5
asian,2011,31769,Madison,0.6
asian,2011,22339,Monroe,3.3
asian,2011,38148,Nassau,7.8
asian,2011,48872,New York,11.0
asian,2011,19005,Niagara,1.1
asian,2011,20473,Oneida,3.2
asian,2011,20901,Onondaga,3.2
asian,2011,22474,Ontario,1.1
asian,2011,33970,Orange,2.5
asian,2011,29515,Oswego,0.3
asian,2011,53751,Putnam,1.9
asian,2011,22264,Queens,23.2
asian,2011,16553,Rensselaer,2.0
asian,2011,26968,Richmond,7.9
asian,2011,42731,Rockland,6.6
asian,2011,49995,St. Lawrence,0.8
asian,2011,42935,Saratoga,1.9
asian,2011,25016,Schenectady,3.4
asian,2011,21615,Steuben,1.5
asian,2011,30704,Suffolk,3.4
asian,2011,28180,Sullivan,1.8
asian,2011,15869,Tompkins,9.6
asian,2011,25363,Ulster,1.7
asian,2011,19016,Warren,0.4
asian,2011,17932,Wayne,0.6
asian,2011,48673,Westchester,5.5
islander,2011,0,Albany,0.0
islander,2011,6095,Bronx,0.1
islander,2011,0,Broome,0.0
islander,2011,0,Cattaraugus,0.0
islander,2011,0,Cayuga,0.0
islander,2011,0,Chautauqua,0.0
islander,2011,0,Chemung,0.0
islander,2011,0,Clinton,0.0
islander,2011,0,Dutchess,0.0
islander,2011,0,Erie,0.0
islander,2011,0,Jefferson,0.2
islander,2011,0,Kings,0.1
islander,2011,0,Livingston,0.1
islander,2011,0,Madison,0.0
islander,2011,0,Monroe,0.0
islander,2011,0,Nassau,0.0
islander,2011,0,New York,0.1
islander,2011,0,Niagara,0.0
islander,2011,0,Oneida,0.0
islander,2011,0,Onondaga,0.0
islander,2011,0,Ontario,0.0
islander,2011,0,Orange,0.0
islander,2011,0,Oswego,0.0
islander,2011,0,Putnam,0.0
islander,2011,29516,Queens,0.1
islander,2011,0,Rensselaer,0.0
islander,2011,0,Richmond,0.0
islander,2011,0,Rockland,0.0
islander,2011,0,St. Lawrence,0.2
islander,2011,0,Saratoga,0.0
islander,2011,0,Schenectady,0.0
islander,2011,0,Steuben,0.0
islander,2011,0,Suffolk,0.0
islander,2011,0,Sullivan,0.0
islander,2011,0,Tompkins,0.0
islander,2011,0,Ulster,0.0
islander,2011,0,Warren,0.0
islander,2011,0,Wayne,0.0
islander,2011,0,Westchester,0.0
other,2011,17516,Albany,1.6
other,2011,13053,Bronx,35.7
other,2011,2216,Broome,0.3
other,2011,0,Cattaraugus,0.2
other,2011,2064,Cayuga,0.5
other,2011,7022,Chautauqua,1.8
other,2011,0,Chemung,0.1
other,2011,0,Clinton,1.1
other,2011,11955,Dutchess,5.1
other,2011,11555,Erie,1.7
other,2011,14793,Jefferson,2.2
other,2011,12836,Kings,9.4
other,2011,0,Livingston,0.8
other,2011,0,Madison,0.3
other,2011,11725,Monroe,2.4
other,2011,18633,Nassau,6.9
other,2011,15229,New York,13.5
other,2011,14614,Niagara,0.4
other,2011,10888,Oneida,1.5
other,2011,13320,Onondaga,0.8
other,2011,11810,Ontario,1.7
other,2011,17783,Orange,9.0
other,2011,2140,Oswego,0.7
other,2011,37707,Putnam,3.9
other,2011,17980,Queens,12.2
other,2011,21081,Rensselaer,0.6
other,2011,16656,Richmond,2.7
other,2011,16950,Rockland,8.6
other,2011,0,St. Lawrence,0.8
other,2011,0,Saratoga,0.2
other,2011,6901,Schenectady,2.6
other,2011,11567,Steuben,0.7
other,2011,16704,Suffolk,5.8
other,2011,16914,Sullivan,7.6
other,2011,13743,Tompkins,1.2
other,2011,14322,Ulster,1.6
other,2011,0,Warren,0.2
other,2011,21477,Wayne,0.5
other,2011,15492,Westchester,9.7
mixed,2011,14752,Albany,3.2
mixed,2011,12364,Bronx,3.6
mixed,2011,8278,Broome,2.1
mixed,2011,8305,Cattaraugus,1.5
mixed,2011,9853,Cayuga,2.1
mixed,2011,3169,Chautauqua,1.6
mixed,2011,21200,Chemung,1.9
mixed,2011,0,Clinton,1.1
mixed,2011,20859,Dutchess,2.7
mixed,2011,12033,Erie,2.5
mixed,2011,7099,Jefferson,3.5
mixed,2011,23300,Kings,1.9
mixed,2011,7927,Livingston,1.6
mixed,2011,16051,Madison,2.3
mixed,2011,14967,Monroe,2.7
mixed,2011,17899,Nassau,2.4
mixed,2011,29553,New York,4.1
mixed,2011,6934,Niagara,1.4
mixed,2011,4414,Oneida,3.0
mixed,2011,12099,Onondaga,3.1
mixed,2011,11588,Ontario,2.1
mixed,2011,14354,Orange,3.5
mixed,2011,3972,Oswego,1.4
mixed,2011,8901,Putnam,3.0
mixed,2011,20694,Queens,3.6
mixed,2011,10859,Rensselaer,3.3
mixed,2011,18123,Richmond,1.5
mixed,2011,32495,Rockland,2.0
mixed,2011,7057,St. Lawrence,2.0
mixed,2011,9305,Saratoga,2.0
mixed,2011,16813,Schenectady,3.9
mixed,2011,21557,Steuben,0.6
mixed,2011,16852,Suffolk,2.1
mixed,2011,6664,Sullivan,2.9
mixed,2011,10230,Tompkins,2.7
mixed,2011,9927,Ulster,3.2
mixed,2011,3050,Warren,1.2
mixed,2011,13953,Wayne,1.1
mixed,2011,18422,Westchester,3.3
latino,2011,16137,Albany,5.2
latino,2011,13448,Bronx,53.8
latino,2011,11694,Broome,3.5
latino,2011,7872,Cattaraugus,1.8
latino,2011,14858,Cayuga,2.5
latino,2011,9994,Chautauqua,6.3
latino,2011,8185,Chemung,2.7
latino,2011,4819,Clinton,3.4
latino,2011,16387,Dutchess,10.8
latino,2011,13369,Erie,4.7
latino,2011,14115,Jefferson,6.1
latino,2011,15675,Kings,20.0
latino,2011,7575,Livingston,2.9
latino,2011,17948,Madison,2.0
latino,2011,12965,Monroe,7.5
latino,2011,22063,Nassau,15.0
latino,2011,20372,New York,25.6
latino,2011,17143,Niagara,2.3
latino,2011,7413,Oneida,4.8
latino,2011,14080,Onondaga,4.3
latino,2011,13983,Ontario,3.7
latino,2011,18765,Orange,18.5
latino,2011,9892,Oswego,2.2
latino,2011,25510,Putnam,12.0
latino,2011,18624,Queens,27.8
latino,2011,22315,Rensselaer,4.1
latino,2011,23002,Richmond,17.6
latino,2011,20022,Rockland,16.1
latino,2011,12316,St. Lawrence,2.0
latino,2011,20564,Saratoga,2.6
latino,2011,9664,Schenectady,6.0
latino,2011,12786,Steuben,1.5
latino,2011,20822,Suffolk,17.0
latino,2011,17101,Sullivan,13.9
latino,2011,20324,Tompkins,4.6
latino,2011,14577,Ulster,9.0
latino,2011,22836,Warren,1.9
latino,2011,14867,Wayne,3.9
latino,2011,20159,Westchester,22.4
total,2012,31014,Albany,100
total,2012,17603,Bronx,100
total,2012,24948,Broome,100
total,2012,21470,Cattaraugus,100
total,2012,23797,Cayuga,100
total,2012,22671,Chautauqua,100
total,2012,22979,Chemung,100
total,2012,25736,Clinton,100
total,2012,32405,Dutchess,100
total,2012,27469,Erie,100
total,2012,22544,Jefferson,100
total,2012,24190,Kings,100
total,2012,22837,Livingston,100
total,2012,24071,Madison,100
total,2012,27948,Monroe,100
total,2012,39933,Nassau,100
total,2012,60290,New York,100
total,2012,26104,Niagara,100
total,2012,25304,Oneida,100
total,2012,27951,Onondaga,100
total,2012,26947,Ontario,100
total,2012,29397,Orange,100
total,2012,22861,Oswego,100
total,2012,40356,Putnam,100
total,2012,25352,Queens,100
total,2012,29887,Rensselaer,100
total,2012,29939,Richmond,100
total,2012,33091,Rockland,100
total,2012,23082,St. Lawrence,100
total,2012,34109,Saratoga,100
total,2012,28324,Schenectady,100
total,2012,24502,Steuben,100
total,2012,36279,Suffolk,100
total,2012,24418,Sullivan,100
total,2012,28819,Tompkins,100
total,2012,30683,Ulster,100
total,2012,29642,Warren,100
total,2012,24305,Wayne,100
total,2012,45803,Westchester,100
white,2012,34083,Albany,77.7
white,2012,25434,Bronx,21.1
white,2012,26015,Broome,87.8
white,2012,22138,Cattaraugus,92.2
white,2012,24727,Cayuga,92.6
white,2012,23760,Chautauqua,92.9
white,2012,24545,Chemung,88.3
white,2012,26813,Clinton,92.2
white,2012,35344,Dutchess,79.6
white,2012,30538,Erie,79.1
white,2012,23220,Jefferson,87.1
white,2012,30529,Kings,44.0
white,2012,23849,Livingston,93.1
white,2012,25036,Madison,95.1
white,2012,31282,Monroe,76.3
white,2012,44834,Nassau,71.2
white,2012,84204,New York,56.9
white,2012,27658,Niagara,88.3
white,2012,27431,Oneida,86.7
white,2012,30940,Onondaga,80.9
white,2012,27394,Ontario,93.9
white,2012,31158,Orange,76.9
white,2012,23129,Oswego,95.4
white,2012,41568,Putnam,91.1
white,2012,30045,Queens,41.8
white,2012,31913,Rensselaer,87.7
white,2012,32443,Richmond,74.3
white,2012,35705,Rockland,72.0
white,2012,24069,St. Lawrence,93.3
white,2012,34643,Saratoga,94.1
white,2012,31958,Schenectady,79.1
white,2012,24678,Steuben,95.3
white,2012,39201,Suffolk,82.4
white,2012,26725,Sullivan,81.4
white,2012,31637,Tompkins,83.2
white,2012,32722,Ulster,87.0
white,2012,30230,Warren,95.8
white,2012,25013,Wayne,93.7
white,2012,55310,Westchester,66.5
black,2012,18479,Albany,13.0
black,2012,17726,Bronx,33.2
black,2012,13490,Broome,5.0
black,2012,13839,Cattaraugus,1.4
black,2012,12305,Cayuga,4.2
black,2012,8110,Chautauqua,2.4
black,2012,10398,Chemung,6.0
black,2012,0,Clinton,4.5
black,2012,21464,Dutchess,9.7
black,2012,15835,Erie,13.3
black,2012,17381,Jefferson,6.1
black,2012,20165,Kings,34.1
black,2012,7249,Livingston,2.9
black,2012,2843,Madison,1.6
black,2012,15753,Monroe,15.2
black,2012,26820,Nassau,11.4
black,2012,23199,New York,15.4
black,2012,13049,Niagara,6.7
black,2012,12935,Oneida,5.3
black,2012,15016,Onondaga,11.0
black,2012,15915,Ontario,2.4
black,2012,24628,Orange,9.8
black,2012,0,Oswego,0.7
black,2012,35204,Putnam,2.6
black,2012,24197,Queens,18.3
black,2012,18033,Rensselaer,5.3
black,2012,21716,Richmond,10.7
black,2012,24188,Rockland,12.2
black,2012,7904,St. Lawrence,2.7
black,2012,21520,Saratoga,1.4
black,2012,14631,Schenectady,9.2
black,2012,21218,Steuben,1.4
black,2012,24273,Suffolk,7.3
black,2012,13415,Sullivan,9.3
black,2012,9797,Tompkins,3.6
black,2012,23100,Ulster,5.7
black,2012,20600,Warren,1.1
black,2012,12785,Wayne,3.5
black,2012,25863,Westchester,14.3
native,2012,12810,Albany,0.2
native,2012,12693,Bronx,0.5
native,2012,31420,Broome,0.2
native,2012,19421,Cattaraugus,2.8
native,2012,15109,Cayuga,0.5
native,2012,8639,Chautauqua,0.5
native,2012,0,Chemung,0.1
native,2012,25223,Clinton,0.5
native,2012,22060,Dutchess,0.6
native,2012,16626,Erie,0.5
native,2012,0,Jefferson,0.2
native,2012,13305,Kings,0.3
native,2012,0,Livingston,0.1
native,2012,0,Madison,0.8
native,2012,10743,Monroe,0.3
native,2012,24211,Nassau,0.2
native,2012,12197,New York,0.3
native,2012,17918,Niagara,1.0
native,2012,17120,Oneida,0.3
native,2012,21687,Onondaga,0.7
native,2012,13685,Ontario,0.3
native,2012,19023,Orange,0.5
native,2012,49448,Oswego,0.4
native,2012,16654,Putnam,1.6
native,2012,20601,Queens,0.5
native,2012,17137,Rensselaer,0.1
native,2012,14126,Richmond,0.1
native,2012,0,Rockland,0.1
native,2012,8863,St. Lawrence,0.8
native,2012,0,Saratoga,0.0
native,2012,0,Schenectady,0.2
native,2012,0,Steuben,0.2
native,2012,21834,Suffolk,0.2
native,2012,0,Sullivan,0.2
native,2012,0,Tompkins,0.2
native,2012,0,Ulster,0.2
native,2012,0,Warren,0.1
native,2012,0,Wayne,0.3
native,2012,25028,Westchester,0.4
asian,2012,29637,Albany,4.9
asian,2012,19894,Bronx,3.7
asian,2012,25065,Broome,3.7
asian,2012,12133,Cattaraugus,0.8
asian,2012,21596,Cayuga,0.5
asian,2012,0,Chautauqua,0.6
asian,2012,24924,Chemung,1.5
asian,2012,47206,Clinton,1.2
asian,2012,29800,Dutchess,4.0
asian,2012,20272,Erie,2.9
asian,2012,22211,Jefferson,1.2
asian,2012,19636,Kings,11.0
asian,2012,0,Livingston,1.0
asian,2012,8146,Madison,0.8
asian,2012,30786,Monroe,3.4
asian,2012,38581,Nassau,8.0
asian,2012,52328,New York,11.3
asian,2012,16088,Niagara,1.3
asian,2012,10963,Oneida,3.5
asian,2012,21017,Onondaga,3.1
asian,2012,40093,Ontario,1.1
asian,2012,35201,Orange,2.8
asian,2012,20488,Oswego,0.6
asian,2012,31894,Putnam,2.2
asian,2012,22512,Queens,23.7
asian,2012,11878,Rensselaer,2.3
asian,2012,26973,Richmond,7.7
asian,2012,42563,Rockland,6.1
asian,2012,17240,St. Lawrence,1.0
asian,2012,35159,Saratoga,2.1
asian,2012,25652,Schenectady,3.7
asian,2012,34526,Steuben,1.5
asian,2012,31383,Suffolk,3.6
asian,2012,32003,Sullivan,1.3
asian,2012,19485,Tompkins,10.0
asian,2012,23299,Ulster,1.6
asian,2012,0,Warren,0.9
asian,2012,12433,Wayne,0.8
asian,2012,50131,Westchester,5.4
islander,2012,0,Albany,0.1
islander,2012,0,Bronx,0.0
islander,2012,0,Broome,0.1
islander,2012,0,Cattaraugus,0.0
islander,2012,0,Cayuga,0.0
islander,2012,0,Chautauqua,0.3
islander,2012,0,Chemung,0.0
islander,2012,0,Clinton,0.0
islander,2012,0,Dutchess,0.0
islander,2012,0,Erie,0.0
islander,2012,0,Jefferson,0.2
islander,2012,0,Kings,0.0
islander,2012,0,Livingston,0.0
islander,2012,0,Madison,0.0
islander,2012,0,Monroe,0.0
islander,2012,0,Nassau,0.0
islander,2012,0,New York,0.1
islander,2012,0,Niagara,0.6
islander,2012,0,Oneida,0.0
islander,2012,0,Onondaga,0.0
islander,2012,0,Ontario,0.0
islander,2012,0,Orange,0.0
islander,2012,0,Oswego,0.0
islander,2012,0,Putnam,0.0
islander,2012,0,Queens,0.0
islander,2012,0,Rensselaer,0.0
islander,2012,0,Richmond,0.0
islander,2012,0,Rockland,0.0
islander,2012,0,St. Lawrence,0.0
islander,2012,0,Saratoga,0.0
islander,2012,0,Schenectady,0.0
islander,2012,0,Steuben,0.0
islander,2012,0,Suffolk,0.0
islander,2012,0,Sullivan,0.0
islander,2012,0,Tompkins,0.0
islander,2012,0,Ulster,0.0
islander,2012,0,Warren,0.2
islander,2012,0,Wayne,0.0
islander,2012,0,Westchester,0.0
other,2012,17330,Albany,1.3
other,2012,13406,Bronx,38.2
other,2012,8400,Broome,1.1
other,2012,0,Cattaraugus,0.7
other,2012,0,Cayuga,0.2
other,2012,10511,Chautauqua,1.9
other,2012,0,Chemung,0.2
other,2012,0,Clinton,0.7
other,2012,15048,Dutchess,2.9
other,2012,11312,Erie,2.1
other,2012,16253,Jefferson,1.5
other,2012,14621,Kings,8.3
other,2012,0,Livingston,0.8
other,2012,0,Madison,0.1
other,2012,16064,Monroe,2.3
other,2012,18984,Nassau,6.3
other,2012,15115,New York,12.0
other,2012,0,Niagara,0.2
other,2012,9977,Oneida,1.6
other,2012,9696,Onondaga,1.1
other,2012,0,Ontario,0.4
other,2012,19559,Orange,6.6
other,2012,10230,Oswego,1.1
other,2012,33665,Putnam,1.1
other,2012,18226,Queens,12.4
other,2012,0,Rensselaer,0.3
other,2012,17402,Richmond,5.1
other,2012,18093,Rockland,7.6
other,2012,3141,St. Lawrence,0.5
other,2012,33247,Saratoga,0.4
other,2012,8395,Schenectady,3.3
other,2012,0,Steuben,0.2
other,2012,16494,Suffolk,4.3
other,2012,9699,Sullivan,2.7
other,2012,0,Tompkins,0.4
other,2012,9954,Ulster,1.0
other,2012,0,Warren,0.3
other,2012,0,Wayne,0.6
other,2012,18043,Westchester,10.4
mixed,2012,14484,Albany,2.8
mixed,2012,13094,Bronx,3.3
mixed,2012,15410,Broome,2.2
mixed,2012,8324,Cattaraugus,2.1
mixed,2012,9699,Cayuga,1.9
mixed,2012,4827,Chautauqua,1.4
mixed,2012,6815,Chemung,3.8
mixed,2012,15659,Clinton,0.9
mixed,2012,13293,Dutchess,3.2
mixed,2012,13657,Erie,2.0
mixed,2012,16003,Jefferson,3.7
mixed,2012,20728,Kings,2.2
mixed,2012,7931,Livingston,2.0
mixed,2012,5378,Madison,1.6
mixed,2012,9016,Monroe,2.4
mixed,2012,21254,Nassau,2.9
mixed,2012,23616,New York,4.0
mixed,2012,11336,Niagara,1.8
mixed,2012,9195,Oneida,2.6
mixed,2012,11350,Onondaga,3.2
mixed,2012,15974,Ontario,1.9
mixed,2012,19034,Orange,3.4
mixed,2012,12588,Oswego,1.8
mixed,2012,15930,Putnam,1.3
mixed,2012,19885,Queens,3.4
mixed,2012,13048,Rensselaer,4.3
mixed,2012,25182,Richmond,2.0
mixed,2012,22532,Rockland,1.9
mixed,2012,8961,St. Lawrence,1.7
mixed,2012,17233,Saratoga,2.0
mixed,2012,9940,Schenectady,4.6
mixed,2012,6616,Steuben,1.5
mixed,2012,14123,Suffolk,2.1
mixed,2012,13752,Sullivan,5.1
mixed,2012,3052,Tompkins,2.6
mixed,2012,8723,Ulster,4.6
mixed,2012,12152,Warren,1.6
mixed,2012,0,Wayne,1.1
mixed,2012,20898,Westchester,2.9
latino,2012,17657,Albany,5.3
latino,2012,14182,Bronx,54.3
latino,2012,9430,Broome,3.6
latino,2012,8991,Cattaraugus,1.9
latino,2012,7476,Cayuga,2.5
latino,2012,8324,Chautauqua,6.5
latino,2012,18089,Chemung,2.8
latino,2012,6843,Clinton,2.6
latino,2012,19293,Dutchess,11.0
latino,2012,13492,Erie,4.8
latino,2012,14118,Jefferson,6.7
latino,2012,16366,Kings,19.8
latino,2012,5149,Livingston,3.0
latino,2012,5865,Madison,1.9
latino,2012,14618,Monroe,7.6
latino,2012,22002,Nassau,15.3
latino,2012,21827,New York,25.8
latino,2012,17635,Niagara,2.3
latino,2012,12054,Oneida,4.9
latino,2012,13964,Onondaga,4.3
latino,2012,15567,Ontario,3.8
latino,2012,19571,Orange,18.8
latino,2012,11716,Oswego,2.2
latino,2012,25672,Putnam,12.2
latino,2012,19083,Queens,27.9
latino,2012,16106,Rensselaer,4.1
latino,2012,20127,Richmond,17.7
latino,2012,20801,Rockland,16.3
latino,2012,4038,St. Lawrence,2.1
latino,2012,16863,Saratoga,2.7
latino,2012,14931,Schenectady,6.1
latino,2012,16637,Steuben,1.5
latino,2012,19987,Suffolk,17.3
latino,2012,15035,Sullivan,14.2
latino,2012,13835,Tompkins,4.6
latino,2012,14945,Ulster,9.3
latino,2012,7169,Warren,1.9
latino,2012,16071,Wayne,3.9
latino,2012,19599,Westchester,22.8
total,2013,32367,Albany,100
total,2013,17907,Bronx,100
total,2013,24992,Broome,100
total,2013,22369,Cattaraugus,100
total,2013,25909,Cayuga,100
total,2013,22058,Chautauqua,100
total,2013,25674,Chemung,100
total,2013,24575,Clinton,100
total,2013,33716,Dutchess,100
total,2013,28182,Erie,100
total,2013,22784,Jefferson,100
total,2013,26641,Kings,100
total,2013,24486,Livingston,100
total,2013,25560,Madison,100
total,2013,28824,Monroe,100
total,2013,42183,Nassau,100
total,2013,63336,New York,100
total,2013,25710,Niagara,100
total,2013,23226,Oneida,100
total,2013,29022,Onondaga,100
total,2013,30405,Ontario,100
total,2013,30587,Orange,100
total,2013,23101,Oswego,100
total,2013,40315,Putnam,100
total,2013,26463,Queens,100
total,2013,28844,Rensselaer,100
total,2013,32375,Richmond,100
total,2013,33429,Rockland,100
total,2013,21771,St. Lawrence,100
total,2013,35265,Saratoga,100
total,2013,26833,Schenectady,100
total,2013,26121,Steuben,100
total,2013,36639,Suffolk,100
total,2013,24141,Sullivan,100
total,2013,26677,Tompkins,100
total,2013,29821,Ulster,100
total,2013,31671,Warren,100
total,2013,23882,Wayne,100
total,2013,47305,Westchester,100
white,2013,35845,Albany,0
white,2013,26251,Bronx,0
white,2013,26350,Broome,0
white,2013,22988,Cattaraugus,0
white,2013,27170,Cayuga,0
white,2013,22963,Chautauqua,0
white,2013,27458,Chemung,0
white,2013,25956,Clinton,0
white,2013,36152,Dutchess,0
white,2013,31211,Erie,0
white,2013,24252,Jefferson,0
white,2013,34264,Kings,43
white,2013,25615,Livingston,0
white,2013,25956,Madison,0
white,2013,33146,Monroe,0
white,2013,48038,Nassau,0
white,2013,88123,New York,0
white,2013,27230,Niagara,0
white,2013,24952,Oneida,0
white,2013,32086,Onondaga,0
white,2013,31574,Ontario,0
white,2013,34047,Orange,0
white,2013,23541,Oswego,0
white,2013,41063,Putnam,0
white,2013,31294,Queens,0
white,2013,30460,Rensselaer,0
white,2013,35046,Richmond,0
white,2013,36178,Rockland,0
white,2013,22432,St. Lawrence,0
white,2013,35917,Saratoga,0
white,2013,29936,Schenectady,0
white,2013,26178,Steuben,0
white,2013,40104,Suffolk,0
white,2013,25411,Sullivan,0
white,2013,27849,Tompkins,0
white,2013,31770,Ulster,0
white,2013,0,Warren,0
white,2013,24773,Wayne,0
white,2013,57934,Westchester,0
black,2013,20479,Albany,0
black,2013,17770,Bronx,0
black,2013,10096,Broome,0
black,2013,25379,Cattaraugus,0
black,2013,10722,Cayuga,0
black,2013,8065,Chautauqua,0
black,2013,9996,Chemung,0
black,2013,0,Clinton,0
black,2013,24099,Dutchess,0
black,2013,15796,Erie,0
black,2013,18781,Jefferson,0
black,2013,21501,Kings,0
black,2013,6833,Livingston,0
black,2013,2727,Madison,0
black,2013,15047,Monroe,0
black,2013,28777,Nassau,0
black,2013,21620,New York,0
black,2013,13905,Niagara,0
black,2013,12336,Oneida,0
black,2013,16839,Onondaga,11
black,2013,13824,Ontario,2
black,2013,23773,Orange,0
black,2013,26214,Oswego,1
black,2013,39631,Putnam,0
black,2013,24092,Queens,0
black,2013,18427,Rensselaer,0
black,2013,23110,Richmond,0
black,2013,26332,Rockland,0
black,2013,0,St. Lawrence,0
black,2013,29018,Saratoga,0
black,2013,14027,Schenectady,0
black,2013,37248,Steuben,0
black,2013,22475,Suffolk,0
black,2013,13107,Sullivan,0
black,2013,32966,Tompkins,0
black,2013,16225,Ulster,0
black,2013,0,Warren,0
black,2013,15819,Wayne,0
black,2013,26934,Westchester,0
native,2013,34763,Albany,0
native,2013,30911,Bronx,0
native,2013,11273,Broome,0
native,2013,14250,Cattaraugus,0
native,2013,9208,Cayuga,0
native,2013,22667,Chautauqua,0
native,2013,8548,Chemung,0
native,2013,0,Clinton,0
native,2013,14644,Dutchess,0
native,2013,12501,Erie,0
native,2013,0,Jefferson,0
native,2013,17766,Kings,0
native,2013,0,Livingston,0
native,2013,36234,Madison,0
native,2013,17261,Monroe,0
native,2013,20188,Nassau,0
native,2013,20660,New York,0
native,2013,11705,Niagara,1
native,2013,5686,Oneida,0
native,2013,12954,Onondaga,0
native,2013,11808,Ontario,0
native,2013,0,Orange,0
native,2013,0,Oswego,0
native,2013,0,Putnam,0
native,2013,16703,Queens,0
native,2013,18229,Rensselaer,0
native,2013,13625,Richmond,0
native,2013,18328,Rockland,0
native,2013,13929,St. Lawrence,0
native,2013,0,Saratoga,0
native,2013,8379,Schenectady,0
native,2013,0,Steuben,0
native,2013,20081,Suffolk,0
native,2013,0,Sullivan,0
native,2013,0,Tompkins,0
native,2013,0,Ulster,0
native,2013,0,Warren,0
native,2013,12663,Wayne,0
native,2013,21285,Westchester,0
asian,2013,23811,Albany,0
asian,2013,19106,Bronx,0
asian,2013,32101,Broome,0
asian,2013,11626,Cattaraugus,0
asian,2013,16161,Cayuga,0
asian,2013,8917,Chautauqua,0
asian,2013,24446,Chemung,0
asian,2013,16691,Clinton,0
asian,2013,42668,Dutchess,0
asian,2013,29093,Erie,0
asian,2013,24706,Jefferson,0
asian,2013,22653,Kings,0
asian,2013,20501,Livingston,0
asian,2013,0,Madison,0
asian,2013,23504,Monroe,0
asian,2013,41294,Nassau,0
asian,2013,60995,New York,0
asian,2013,20715,Niagara,0
asian,2013,18260,Oneida,0
asian,2013,19823,Onondaga,0
asian,2013,27200,Ontario,0
asian,2013,26739,Orange,0
asian,2013,19167,Oswego,0
asian,2013,28451,Putnam,0
asian,2013,24415,Queens,0
asian,2013,19303,Rensselaer,0
asian,2013,32153,Richmond,8
asian,2013,40815,Rockland,0
asian,2013,0,St. Lawrence,0
asian,2013,33038,Saratoga,0
asian,2013,19865,Schenectady,0
asian,2013,38642,Steuben,0
asian,2013,34319,Suffolk,0
asian,2013,32015,Sullivan,0
asian,2013,17726,Tompkins,0
asian,2013,33065,Ulster,0
asian,2013,0,Warren,0
asian,2013,24653,Wayne,0
asian,2013,48857,Westchester,0
islander,2013,0,Albany,0
islander,2013,25555,Bronx,0
islander,2013,0,Broome,0
islander,2013,0,Cattaraugus,0
islander,2013,0,Cayuga,0
islander,2013,0,Chautauqua,0
islander,2013,0,Chemung,0
islander,2013,0,Clinton,0
islander,2013,0,Dutchess,0
islander,2013,24043,Erie,0
islander,2013,0,Jefferson,0
islander,2013,0,Kings,0
islander,2013,0,Livingston,0
islander,2013,0,Madison,0
islander,2013,0,Monroe,0
islander,2013,0,Nassau,0
islander,2013,28069,New York,0
islander,2013,0,Niagara,0
islander,2013,0,Oneida,0
islander,2013,0,Onondaga,0
islander,2013,0,Ontario,0
islander,2013,0,Orange,0
islander,2013,0,Oswego,0
islander,2013,0,Putnam,0
islander,2013,22137,Queens,0
islander,2013,0,Rensselaer,0
islander,2013,0,Richmond,0
islander,2013,0,Rockland,0
islander,2013,0,St. Lawrence,0
islander,2013,0,Saratoga,0
islander,2013,0,Schenectady,0
islander,2013,0,Steuben,0
islander,2013,33500,Suffolk,0
islander,2013,0,Sullivan,0
islander,2013,0,Tompkins,0
islander,2013,0,Ulster,0
islander,2013,0,Warren,0
islander,2013,0,Wayne,0
islander,2013,0,Westchester,0
other,2013,11845,Albany,0
other,2013,13389,Bronx,0
other,2013,11650,Broome,0
other,2013,0,Cattaraugus,0
other,2013,0,Cayuga,0
other,2013,8164,Chautauqua,0
other,2013,0,Chemung,0
other,2013,0,Clinton,0
other,2013,17933,Dutchess,0
other,2013,12844,Erie,0
other,2013,22196,Jefferson,0
other,2013,14801,Kings,0
other,2013,0,Livingston,0
other,2013,0,Madison,0
other,2013,13219,Monroe,0
other,2013,20047,Nassau,6
other,2013,14844,New York,0
other,2013,15772,Niagara,0
other,2013,7503,Oneida,0
other,2013,14071,Onondaga,0
other,2013,9398,Ontario,0
other,2013,18644,Orange,0
other,2013,4585,Oswego,0
other,2013,22565,Putnam,2
other,2013,18834,Queens,0
other,2013,21588,Rensselaer,0
other,2013,13523,Richmond,0
other,2013,16392,Rockland,0
other,2013,7429,St. Lawrence,0
other,2013,0,Saratoga,0
other,2013,19310,Schenectady,0
other,2013,10448,Steuben,0
other,2013,17169,Suffolk,0
other,2013,20481,Sullivan,2
other,2013,27540,Tompkins,0
other,2013,17079,Ulster,0
other,2013,0,Warren,0
other,2013,13019,Wayne,0
other,2013,16601,Westchester,0
mixed,2013,14971,Albany,0
mixed,2013,16014,Bronx,0
mixed,2013,6338,Broome,0
mixed,2013,9427,Cattaraugus,0
mixed,2013,7424,Cayuga,0
mixed,2013,10226,Chautauqua,0
mixed,2013,8187,Chemung,0
mixed,2013,6711,Clinton,0
mixed,2013,9463,Dutchess,0
mixed,2013,14505,Erie,0
mixed,2013,7265,Jefferson,0
mixed,2013,25428,Kings,0
mixed,2013,0,Livingston,0
mixed,2013,7437,Madison,0
mixed,2013,10281,Monroe,0
mixed,2013,16723,Nassau,0
mixed,2013,32574,New York,0
mixed,2013,14057,Niagara,0
mixed,2013,8096,Oneida,0
mixed,2013,13121,Onondaga,0
mixed,2013,11435,Ontario,0
mixed,2013,13927,Orange,0
mixed,2013,10314,Oswego,0
mixed,2013,0,Putnam,0
mixed,2013,19370,Queens,0
mixed,2013,16416,Rensselaer,0
mixed,2013,18759,Richmond,0
mixed,2013,23571,Rockland,0
mixed,2013,8809,St. Lawrence,0
mixed,2013,12290,Saratoga,0
mixed,2013,10258,Schenectady,0
mixed,2013,5844,Steuben,0
mixed,2013,15572,Suffolk,0
mixed,2013,15650,Sullivan,0
mixed,2013,16632,Tompkins,3
mixed,2013,10391,Ulster,0
mixed,2013,0,Warren,0
mixed,2013,5238,Wayne,0
mixed,2013,26572,Westchester,0
latino,2013,17224,Albany,0
latino,2013,14369,Bronx,0
latino,2013,9565,Broome,0
latino,2013,9565,Cattaraugus,0
latino,2013,9406,Cayuga,0
latino,2013,11306,Chautauqua,0
latino,2013,15570,Chemung,0
latino,2013,17391,Clinton,0
latino,2013,15985,Dutchess,0
latino,2013,15801,Erie,0
latino,2013,21660,Jefferson,7
latino,2013,17225,Kings,0
latino,2013,5284,Livingston,0
latino,2013,8586,Madison,0
latino,2013,13660,Monroe,0
latino,2013,22650,Nassau,0
latino,2013,20028,New York,0
latino,2013,16226,Niagara,0
latino,2013,7831,Oneida,0
latino,2013,17913,Onondaga,0
latino,2013,9595,Ontario,0
latino,2013,21397,Orange,0
latino,2013,11543,Oswego,0
latino,2013,27678,Putnam,0
latino,2013,20082,Queens,28
latino,2013,13218,Rensselaer,0
latino,2013,21288,Richmond,0
latino,2013,20562,Rockland,0
latino,2013,0,St. Lawrence,0
latino,2013,22148,Saratoga,0
latino,2013,9895,Schenectady,0
latino,2013,0,Steuben,0
latino,2013,21009,Suffolk,0
latino,2013,12168,Sullivan,0
latino,2013,13587,Tompkins,0
latino,2013,19484,Ulster,0
latino,2013,0,Warren,0
latino,2013,11140,Wayne,0
latino,2013,20483,Westchester,0
total,2014,33008,Albany,100
total,2014,18158,Bronx,100
total,2014,24270,Broome,100
total,2014,22930,Cattaraugus,100
total,2014,25458,Cayuga,100
total,2014,22005,Chautauqua,100
total,2014,26159,Chemung,100
total,2014,24992,Clinton,100
total,2014,33455,Dutchess,100
total,2014,29188,Erie,100
total,2014,24054,Jefferson,100
total,2014,27059,Kings,100
total,2014,23455,Livingston,100
total,2014,26021,Madison,100
total,2014,29614,Monroe,100
total,2014,43556,Nassau,100
total,2014,64618,New York,100
total,2014,26483,Niagara,100
total,2014,26103,Oneida,100
total,2014,28897,Onondaga,100
total,2014,30148,Ontario,100
total,2014,29507,Orange,100
total,2014,23669,Oswego,100
total,2014,41648,Putnam,100
total,2014,26572,Queens,100
total,2014,30536,Rensselaer,100
total,2014,31611,Richmond,100
total,2014,35077,Rockland,100
total,2014,21999,St. Lawrence,100
total,2014,36402,Saratoga,100
total,2014,28865,Schenectady,100
total,2014,24756,Steuben,100
total,2014,37295,Suffolk,100
total,2014,26210,Sullivan,100
total,2014,28648,Tompkins,100
total,2014,30870,Ulster,100
total,2014,30527,Warren,100
total,2014,24631,Wayne,100
total,2014,48466,Westchester,100
white,2014,37089,Albany,0
white,2014,26884,Bronx,20
white,2014,25999,Broome,0
white,2014,23031,Cattaraugus,0
white,2014,27051,Cayuga,0
white,2014,22954,Chautauqua,0
white,2014,27241,Chemung,0
white,2014,26664,Clinton,0
white,2014,36041,Dutchess,0
white,2014,32457,Erie,78
white,2014,25348,Jefferson,0
white,2014,35907,Kings,0
white,2014,24129,Livingston,0
white,2014,26601,Madison,0
white,2014,33067,Monroe,0
white,2014,50006,Nassau,0
white,2014,89528,New York,0
white,2014,28346,Niagara,0
white,2014,27910,Oneida,0
white,2014,32198,Onondaga,0
white,2014,31279,Ontario,93
white,2014,31956,Orange,0
white,2014,24228,Oswego,0
white,2014,41875,Putnam,0
white,2014,31986,Queens,0
white,2014,33266,Rensselaer,0
white,2014,34290,Richmond,75
white,2014,37367,Rockland,0
white,2014,22877,St. Lawrence,0
white,2014,36629,Saratoga,0
white,2014,32468,Schenectady,0
white,2014,24566,Steuben,95
white,2014,40690,Suffolk,0
white,2014,27973,Sullivan,0
white,2014,32200,Tompkins,0
white,2014,33274,Ulster,0
white,2014,0,Warren,0
white,2014,25384,Wayne,0
white,2014,57896,Westchester,0
black,2014,18712,Albany,0
black,2014,18784,Bronx,0
black,2014,11235,Broome,0
black,2014,16045,Cattaraugus,2
black,2014,7786,Cayuga,0
black,2014,11090,Chautauqua,0
black,2014,11434,Chemung,0
black,2014,7737,Clinton,0
black,2014,24971,Dutchess,0
black,2014,19376,Erie,0
black,2014,18432,Jefferson,0
black,2014,21226,Kings,0
black,2014,11147,Livingston,0
black,2014,5217,Madison,0
black,2014,16101,Monroe,0
black,2014,29130,Nassau,0
black,2014,23860,New York,0
black,2014,14359,Niagara,0
black,2014,13977,Oneida,0
black,2014,15432,Onondaga,0
black,2014,12306,Ontario,0
black,2014,25229,Orange,0
black,2014,16341,Oswego,0
black,2014,30481,Putnam,0
black,2014,24911,Queens,0
black,2014,16375,Rensselaer,0
black,2014,22316,Richmond,0
black,2014,32556,Rockland,0
black,2014,6262,St. Lawrence,2
black,2014,24263,Saratoga,0
black,2014,14879,Schenectady,0
black,2014,23053,Steuben,0
black,2014,24760,Suffolk,0
black,2014,18398,Sullivan,8
black,2014,6461,Tompkins,0
black,2014,16341,Ulster,0
black,2014,0,Warren,0
black,2014,21593,Wayne,0
black,2014,27661,Westchester,0
native,2014,43796,Albany,0
native,2014,20205,Bronx,0
native,2014,10284,Broome,0
native,2014,15615,Cattaraugus,3
native,2014,0,Cayuga,0
native,2014,0,Chautauqua,0
native,2014,0,Chemung,0
native,2014,0,Clinton,0
native,2014,22801,Dutchess,0
native,2014,13877,Erie,0
native,2014,52241,Jefferson,0
native,2014,19800,Kings,0
native,2014,0,Livingston,0
native,2014,15924,Madison,2
native,2014,13645,Monroe,0
native,2014,15156,Nassau,0
native,2014,20326,New York,0
native,2014,15027,Niagara,0
native,2014,24119,Oneida,0
native,2014,27818,Onondaga,0
native,2014,0,Ontario,0
native,2014,31126,Orange,0
native,2014,41484,Oswego,0
native,2014,0,Putnam,0
native,2014,23137,Queens,0
native,2014,0,Rensselaer,0
native,2014,0,Richmond,0
native,2014,0,Rockland,0
native,2014,16424,St. Lawrence,0
native,2014,0,Saratoga,0
native,2014,0,Schenectady,0
native,2014,13606,Steuben,0
native,2014,22626,Suffolk,0
native,2014,0,Sullivan,0
native,2014,0,Tompkins,0
native,2014,0,Ulster,0
native,2014,0,Warren,0
native,2014,0,Wayne,0
native,2014,20268,Westchester,0
asian,2014,27960,Albany,0
asian,2014,19351,Bronx,0
asian,2014,18811,Broome,0
asian,2014,71319,Cattaraugus,1
asian,2014,0,Cayuga,0
asian,2014,0,Chautauqua,0
asian,2014,61713,Chemung,0
asian,2014,11932,Clinton,0
asian,2014,36904,Dutchess,0
asian,2014,18970,Erie,0
asian,2014,24825,Jefferson,2
asian,2014,22077,Kings,0
asian,2014,9118,Livingston,0
asian,2014,25945,Madison,0
asian,2014,34927,Monroe,0
asian,2014,42264,Nassau,0
asian,2014,65878,New York,0
asian,2014,11492,Niagara,0
asian,2014,15373,Oneida,0
asian,2014,18420,Onondaga,0
asian,2014,15257,Ontario,0
asian,2014,39492,Orange,0
asian,2014,28555,Oswego,0
asian,2014,87032,Putnam,0
asian,2014,23421,Queens,0
asian,2014,12341,Rensselaer,0
asian,2014,32872,Richmond,8
asian,2014,44117,Rockland,0
asian,2014,15512,St. Lawrence,1
asian,2014,44750,Saratoga,0
asian,2014,21688,Schenectady,0
asian,2014,48128,Steuben,0
asian,2014,35375,Suffolk,0
asian,2014,52931,Sullivan,0
asian,2014,18127,Tompkins,0
asian,2014,16071,Ulster,0
asian,2014,0,Warren,0
asian,2014,11015,Wayne,0
asian,2014,53093,Westchester,0
islander,2014,0,Albany,0
islander,2014,16434,Bronx,0
islander,2014,0,Broome,0
islander,2014,0,Cattaraugus,0
islander,2014,0,Cayuga,0
islander,2014,0,Chautauqua,0
islander,2014,0,Chemung,0
islander,2014,0,Clinton,0
islander,2014,0,Dutchess,0
islander,2014,24821,Erie,0
islander,2014,0,Jefferson,0
islander,2014,35167,Kings,0
islander,2014,0,Livingston,0
islander,2014,0,Madison,0
islander,2014,0,Monroe,0
islander,2014,0,Nassau,0
islander,2014,0,New York,0
islander,2014,0,Niagara,0
islander,2014,0,Oneida,0
islander,2014,0,Onondaga,0
islander,2014,0,Ontario,0
islander,2014,0,Orange,0
islander,2014,0,Oswego,0
islander,2014,0,Putnam,0
islander,2014,8972,Queens,0
islander,2014,0,Rensselaer,0
islander,2014,0,Richmond,0
islander,2014,0,Rockland,0
islander,2014,0,St. Lawrence,0
islander,2014,0,Saratoga,0
islander,2014,0,Schenectady,0
islander,2014,0,Steuben,0
islander,2014,0,Suffolk,0
islander,2014,0,Sullivan,0
islander,2014,0,Tompkins,0
islander,2014,0,Ulster,0
islander,2014,0,Warren,0
islander,2014,0,Wayne,0
islander,2014,0,Westchester,0
other,2014,16882,Albany,0
other,2014,13023,Bronx,0
other,2014,11650,Broome,0
other,2014,8134,Cattaraugus,0
other,2014,0,Cayuga,1
other,2014,8396,Chautauqua,0
other,2014,0,Chemung,0
other,2014,0,Clinton,0
other,2014,15709,Dutchess,0
other,2014,11219,Erie,0
other,2014,9901,Jefferson,0
other,2014,15590,Kings,0
other,2014,0,Livingston,0
other,2014,0,Madison,0
other,2014,15885,Monroe,0
other,2014,16483,Nassau,0
other,2014,17027,New York,0
other,2014,9807,Niagara,0
other,2014,7424,Oneida,0
other,2014,16884,Onondaga,0
other,2014,25354,Ontario,0
other,2014,17837,Orange,0
other,2014,8626,Oswego,0
other,2014,23933,Putnam,0
other,2014,18931,Queens,0
other,2014,15158,Rensselaer,0
other,2014,16944,Richmond,0
other,2014,18100,Rockland,0
other,2014,13450,St. Lawrence,0
other,2014,25502,Saratoga,0
other,2014,14046,Schenectady,0
other,2014,0,Steuben,0
other,2014,17827,Suffolk,0
other,2014,15314,Sullivan,0
other,2014,17664,Tompkins,0
other,2014,15475,Ulster,0
other,2014,0,Warren,0
other,2014,0,Wayne,0
other,2014,20379,Westchester,0
mixed,2014,9411,Albany,0
mixed,2014,18648,Bronx,3
mixed,2014,8095,Broome,0
mixed,2014,14052,Cattaraugus,0
mixed,2014,7035,Cayuga,0
mixed,2014,5704,Chautauqua,0
mixed,2014,5575,Chemung,0
mixed,2014,0,Clinton,0
mixed,2014,16635,Dutchess,0
mixed,2014,12190,Erie,0
mixed,2014,8988,Jefferson,0
mixed,2014,20586,Kings,0
mixed,2014,18475,Livingston,0
mixed,2014,0,Madison,0
mixed,2014,15344,Monroe,3
mixed,2014,20892,Nassau,0
mixed,2014,27937,New York,0
mixed,2014,8878,Niagara,0
mixed,2014,18054,Oneida,0
mixed,2014,10248,Onondaga,0
mixed,2014,12281,Ontario,0
mixed,2014,13830,Orange,0
mixed,2014,8494,Oswego,0
mixed,2014,24195,Putnam,0
mixed,2014,21357,Queens,0
mixed,2014,7577,Rensselaer,0
mixed,2014,11598,Richmond,0
mixed,2014,16066,Rockland,0
mixed,2014,5142,St. Lawrence,0
mixed,2014,27081,Saratoga,0
mixed,2014,13194,Schenectady,0
mixed,2014,15209,Steuben,0
mixed,2014,14196,Suffolk,0
mixed,2014,9867,Sullivan,0
mixed,2014,0,Tompkins,0
mixed,2014,15632,Ulster,4
mixed,2014,0,Warren,0
mixed,2014,7422,Wayne,0
mixed,2014,24076,Westchester,0
latino,2014,19878,Albany,0
latino,2014,14623,Bronx,0
latino,2014,12336,Broome,0
latino,2014,8948,Cattaraugus,2
latino,2014,10586,Cayuga,0
latino,2014,9841,Chautauqua,7
latino,2014,14567,Chemung,0
latino,2014,4845,Clinton,0
latino,2014,22401,Dutchess,0
latino,2014,13787,Erie,0
latino,2014,10874,Jefferson,0
latino,2014,17908,Kings,0
latino,2014,10438,Livingston,0
latino,2014,4980,Madison,2
latino,2014,14344,Monroe,0
latino,2014,23295,Nassau,0
latino,2014,21614,New York,0
latino,2014,11291,Niagara,0
latino,2014,9962,Oneida,0
latino,2014,14337,Onondaga,0
latino,2014,15028,Ontario,0
latino,2014,20619,Orange,0
latino,2014,13471,Oswego,0
latino,2014,21410,Putnam,13
latino,2014,20040,Queens,28
latino,2014,11990,Rensselaer,0
latino,2014,21986,Richmond,0
latino,2014,20937,Rockland,0
latino,2014,8038,St. Lawrence,0
latino,2014,21864,Saratoga,0
latino,2014,12773,Schenectady,0
latino,2014,14883,Steuben,0
latino,2014,21728,Suffolk,0
latino,2014,18375,Sullivan,0
latino,2014,13034,Tompkins,0
latino,2014,13954,Ulster,0
latino,2014,0,Warren,0
latino,2014,15305,Wayne,4
latino,2014,23822,Westchester,0
total,2015,33551,Albany,100
total,2015,18880,Bronx,100
total,2015,25783,Broome,100
total,2015,21270,Cattaraugus,100
total,2015,27232,Cayuga,100
total,2015,23578,Chautauqua,100
total,2015,26372,Chemung,100
total,2015,22553,Clinton,100
total,2015,34269,Dutchess,100
total,2015,29594,Erie,100
total,2015,23872,Jefferson,100
total,2015,28898,Kings,100
total,2015,25288,Livingston,100
total,2015,27551,Madison,100
total,2015,30073,Monroe,100
total,2015,44358,Nassau,100
total,2015,67255,New York,100
total,2015,27529,Niagara,100
total,2015,27216,Oneida,100
total,2015,30691,Onondaga,100
total,2015,33987,Ontario,100
total,2015,31609,Orange,100
total,2015,23949,Oswego,100
total,2015,39455,Putnam,100
total,2015,27778,Queens,100
total,2015,32551,Rensselaer,100
total,2015,31284,Richmond,100
total,2015,34662,Rockland,100
total,2015,21718,St. Lawrence,100
total,2015,36182,Saratoga,100
total,2015,29998,Schenectady,100
total,2015,27080,Steuben,100
total,2015,38599,Suffolk,100
total,2015,28292,Sullivan,100
total,2015,29738,Tompkins,100
total,2015,30010,Ulster,100
total,2015,30178,Warren,100
total,2015,26766,Wayne,100
total,2015,50046,Westchester,100
white,2015,37346,Albany,0
white,2015,26372,Bronx,0
white,2015,27389,Broome,0
white,2015,22039,Cattaraugus,0
white,2015,28866,Cayuga,0
white,2015,24460,Chautauqua,93
white,2015,28099,Chemung,88
white,2015,23497,Clinton,0
white,2015,36974,Dutchess,0
white,2015,33253,Erie,0
white,2015,25048,Jefferson,0
white,2015,37631,Kings,0
white,2015,26411,Livingston,0
white,2015,28176,Madison,0
white,2015,34078,Monroe,0
white,2015,50722,Nassau,0
white,2015,92081,New York,0
white,2015,29468,Niagara,0
white,2015,29028,Oneida,0
white,2015,33471,Onondaga,0
white,2015,35257,Ontario,0
white,2015,34078,Orange,0
white,2015,24304,Oswego,96
white,2015,41646,Putnam,0
white,2015,33768,Queens,0
white,2015,35059,Rensselaer,0
white,2015,34253,Richmond,0
white,2015,38169,Rockland,0
white,2015,22814,St. Lawrence,0
white,2015,36346,Saratoga,0
white,2015,33444,Schenectady,0
white,2015,27478,Steuben,0
white,2015,41856,Suffolk,0
white,2015,32295,Sullivan,0
white,2015,32425,Tompkins,0
white,2015,32424,Ulster,0
white,2015,0,Warren,0
white,2015,27587,Wayne,0
white,2015,60191,Westchester,0
black,2015,21253,Albany,0
black,2015,19573,Bronx,0
black,2015,17548,Broome,0
black,2015,13970,Cattaraugus,0
black,2015,5964,Cayuga,0
black,2015,12265,Chautauqua,0
black,2015,12405,Chemung,0
black,2015,8832,Clinton,0
black,2015,22589,Dutchess,0
black,2015,16747,Erie,0
black,2015,15350,Jefferson,0
black,2015,22346,Kings,0
black,2015,0,Livingston,0
black,2015,17356,Madison,0
black,2015,15323,Monroe,0
black,2015,31139,Nassau,0
black,2015,26593,New York,0
black,2015,13886,Niagara,0
black,2015,16056,Oneida,0
black,2015,18328,Onondaga,0
black,2015,14959,Ontario,0
black,2015,25286,Orange,0
black,2015,0,Oswego,0
black,2015,12298,Putnam,0
black,2015,26179,Queens,0
black,2015,22183,Rensselaer,0
black,2015,20496,Richmond,0
black,2015,26871,Rockland,0
black,2015,6730,St. Lawrence,0
black,2015,28805,Saratoga,0
black,2015,15809,Schenectady,0
black,2015,18673,Steuben,0
black,2015,25597,Suffolk,0
black,2015,13479,Sullivan,0
black,2015,16220,Tompkins,0
black,2015,16033,Ulster,0
black,2015,0,Warren,0
black,2015,14967,Wayne,0
black,2015,29917,Westchester,0
native,2015,11144,Albany,0
native,2015,15839,Bronx,0
native,2015,13278,Broome,0
native,2015,13642,Cattaraugus,0
native,2015,13181,Cayuga,0
native,2015,8510,Chautauqua,0
native,2015,0,Chemung,0
native,2015,0,Clinton,0
native,2015,0,Dutchess,0
native,2015,12962,Erie,0
native,2015,24449,Jefferson,0
native,2015,18809,Kings,0
native,2015,0,Livingston,0
native,2015,0,Madison,0
native,2015,17635,Monroe,0
native,2015,24865,Nassau,0
native,2015,30797,New York,0
native,2015,16512,Niagara,0
native,2015,26492,Oneida,0
native,2015,35625,Onondaga,0
native,2015,0,Ontario,0
native,2015,40163,Orange,0
native,2015,34356,Oswego,0
native,2015,0,Putnam,0
native,2015,17808,Queens,0
native,2015,0,Rensselaer,0
native,2015,39653,Richmond,0
native,2015,0,Rockland,0
native,2015,21149,St. Lawrence,0
native,2015,0,Saratoga,0
native,2015,0,Schenectady,0
native,2015,0,Steuben,0
native,2015,28522,Suffolk,0
native,2015,0,Sullivan,0
native,2015,0,Tompkins,0
native,2015,0,Ulster,0
native,2015,0,Warren,0
native,2015,20282,Wayne,0
native,2015,33602,Westchester,0
asian,2015,26624,Albany,0
asian,2015,20849,Bronx,0
asian,2015,19315,Broome,0
asian,2015,18528,Cattaraugus,1
asian,2015,47249,Cayuga,0
asian,2015,23340,Chautauqua,0
asian,2015,29946,Chemung,0
asian,2015,27668,Clinton,0
asian,2015,47883,Dutchess,0
asian,2015,22335,Erie,0
asian,2015,21940,Jefferson,2
asian,2015,25016,Kings,0
asian,2015,18092,Livingston,0
asian,2015,0,Madison,0
asian,2015,27570,Monroe,0
asian,2015,41544,Nassau,0
asian,2015,59775,New York,0
asian,2015,30832,Niagara,0
asian,2015,29077,Oneida,4
asian,2015,27803,Onondaga,0
asian,2015,22316,Ontario,0
asian,2015,46027,Orange,0
asian,2015,20758,Oswego,0
asian,2015,31917,Putnam,0
asian,2015,25091,Queens,0
asian,2015,12267,Rensselaer,0
asian,2015,29164,Richmond,0
asian,2015,41587,Rockland,0
asian,2015,15442,St. Lawrence,0
asian,2015,40066,Saratoga,3
asian,2015,31565,Schenectady,0
asian,2015,35844,Steuben,0
asian,2015,35427,Suffolk,0
asian,2015,23473,Sullivan,0
asian,2015,25060,Tompkins,0
asian,2015,23815,Ulster,0
asian,2015,0,Warren,0
asian,2015,0,Wayne,0
asian,2015,53214,Westchester,6
islander,2015,0,Albany,0
islander,2015,0,Bronx,0
islander,2015,0,Broome,0
islander,2015,0,Cattaraugus,0
islander,2015,0,Cayuga,0
islander,2015,16540,Chautauqua,0
islander,2015,0,Chemung,0
islander,2015,0,Clinton,0
islander,2015,0,Dutchess,0
islander,2015,0,Erie,0
islander,2015,0,Jefferson,0
islander,2015,0,Kings,0
islander,2015,0,Livingston,0
islander,2015,0,Madison,0
islander,2015,0,Monroe,0
islander,2015,0,Nassau,0
islander,2015,15458,New York,0
islander,2015,0,Niagara,0
islander,2015,0,Oneida,0
islander,2015,0,Onondaga,0
islander,2015,0,Ontario,0
islander,2015,0,Orange,0
islander,2015,0,Oswego,0
islander,2015,0,Putnam,0
islander,2015,0,Queens,0
islander,2015,0,Rensselaer,0
islander,2015,0,Richmond,0
islander,2015,0,Rockland,0
islander,2015,0,St. Lawrence,0
islander,2015,0,Saratoga,0
islander,2015,0,Schenectady,0
islander,2015,0,Steuben,0
islander,2015,0,Suffolk,0
islander,2015,0,Sullivan,0
islander,2015,0,Tompkins,0
islander,2015,0,Ulster,0
islander,2015,0,Warren,0
islander,2015,0,Wayne,0
islander,2015,0,Westchester,0
other,2015,13386,Albany,0
other,2015,14153,Bronx,39
other,2015,13952,Broome,0
other,2015,0,Cattaraugus,0
other,2015,0,Cayuga,0
other,2015,14541,Chautauqua,0
other,2015,0,Chemung,0
other,2015,0,Clinton,0
other,2015,19017,Dutchess,5
other,2015,12989,Erie,0
other,2015,16926,Jefferson,1
other,2015,17465,Kings,0
other,2015,0,Livingston,0
other,2015,0,Madison,0
other,2015,18293,Monroe,0
other,2015,19117,Nassau,0
other,2015,20896,New York,0
other,2015,13167,Niagara,1
other,2015,8885,Oneida,2
other,2015,12916,Onondaga,1
other,2015,14910,Ontario,1
other,2015,20078,Orange,10
other,2015,8403,Oswego,0
other,2015,26236,Putnam,0
other,2015,19072,Queens,0
other,2015,19837,Rensselaer,0
other,2015,14414,Richmond,0
other,2015,17993,Rockland,0
other,2015,2979,St. Lawrence,0
other,2015,52757,Saratoga,0
other,2015,17582,Schenectady,0
other,2015,4703,Steuben,0
other,2015,17797,Suffolk,0
other,2015,7263,Sullivan,0
other,2015,12817,Tompkins,0
other,2015,14215,Ulster,0
other,2015,0,Warren,0
other,2015,27458,Wayne,0
other,2015,18456,Westchester,0
mixed,2015,14473,Albany,0
mixed,2015,19823,Bronx,0
mixed,2015,7997,Broome,0
mixed,2015,9496,Cattaraugus,0
mixed,2015,0,Cayuga,0
mixed,2015,4876,Chautauqua,0
mixed,2015,10502,Chemung,0
mixed,2015,8680,Clinton,0
mixed,2015,11598,Dutchess,3
mixed,2015,12595,Erie,2
mixed,2015,14554,Jefferson,0
mixed,2015,24114,Kings,0
mixed,2015,0,Livingston,0
mixed,2015,0,Madison,0
mixed,2015,12935,Monroe,0
mixed,2015,20009,Nassau,3
mixed,2015,34360,New York,0
mixed,2015,8091,Niagara,0
mixed,2015,8629,Oneida,0
mixed,2015,13314,Onondaga,0
mixed,2015,12783,Ontario,0
mixed,2015,17886,Orange,0
mixed,2015,11300,Oswego,0
mixed,2015,18019,Putnam,0
mixed,2015,22780,Queens,0
mixed,2015,8006,Rensselaer,0
mixed,2015,18761,Richmond,0
mixed,2015,21629,Rockland,3
mixed,2015,4135,St. Lawrence,0
mixed,2015,22177,Saratoga,0
mixed,2015,11965,Schenectady,0
mixed,2015,5530,Steuben,0
mixed,2015,18909,Suffolk,0
mixed,2015,12487,Sullivan,0
mixed,2015,7631,Tompkins,0
mixed,2015,13979,Ulster,0
mixed,2015,0,Warren,0
mixed,2015,11147,Wayne,0
mixed,2015,20324,Westchester,3
latino,2015,16345,Albany,0
latino,2015,15473,Bronx,0
latino,2015,18387,Broome,4
latino,2015,6127,Cattaraugus,0
latino,2015,14907,Cayuga,3
latino,2015,11708,Chautauqua,0
latino,2015,8172,Chemung,3
latino,2015,0,Clinton,0
latino,2015,20195,Dutchess,0
latino,2015,16045,Erie,0
latino,2015,15612,Jefferson,0
latino,2015,18971,Kings,0
latino,2015,10783,Livingston,0
latino,2015,0,Madison,0
latino,2015,15072,Monroe,0
latino,2015,23158,Nassau,0
latino,2015,23647,New York,26
latino,2015,11583,Niagara,0
latino,2015,9180,Oneida,0
latino,2015,19809,Onondaga,0
latino,2015,12025,Ontario,0
latino,2015,20973,Orange,0
latino,2015,10615,Oswego,0
latino,2015,23902,Putnam,0
latino,2015,20912,Queens,28
latino,2015,16619,Rensselaer,0
latino,2015,18482,Richmond,0
latino,2015,20960,Rockland,0
latino,2015,8519,St. Lawrence,0
latino,2015,31708,Saratoga,0
latino,2015,22240,Schenectady,0
latino,2015,11528,Steuben,0
latino,2015,20923,Suffolk,0
latino,2015,13145,Sullivan,0
latino,2015,15259,Tompkins,0
latino,2015,18091,Ulster,0
latino,2015,10767,Warren,0
latino,2015,17699,Wayne,0
latino,2015,22712,Westchester,0
total,2016,34857,Albany,100
total,2016,19369,Bronx,100
total,2016,27373,Broome,100
total,2016,23841,Cattaraugus,100
total,2016,28023,Cayuga,100
total,2016,23049,Chautauqua,100
total,2016,27636,Chemung,100
total,2016,25278,Clinton,100
total,2016,37559,Dutchess,100
total,2016,31450,Erie,100
total,2016,23964,Jefferson,100
total,2016,30526,Kings,100
total,2016,23687,Livingston,100
total,2016,29509,Madison,100
total,2016,31269,Monroe,100
total,2016,46482,Nassau,100
total,2016,68126,New York,100
total,2016,27848,Niagara,100
total,2016,27357,Oneida,100
total,2016,31040,Onondaga,100
total,2016,32922,Ontario,100
total,2016,31571,Orange,100
total,2016,25432,Oswego,100
total,2016,43309,Putnam,100
total,2016,28609,Queens,100
total,2016,32904,Rensselaer,100
total,2016,33559,Richmond,100
total,2016,37038,Rockland,100
total,2016,24212,St. Lawrence,100
total,2016,41368,Saratoga,100
total,2016,28485,Schenectady,100
total,2016,28395,Steuben,100
total,2016,40253,Suffolk,100
total,2016,27870,Sullivan,100
total,2016,28013,Tompkins,100
total,2016,33190,Ulster,100
total,2016,34098,Warren,100
total,2016,28775,Wayne,100
total,2016,50631,Westchester,100
white,2016,38827,Albany,74.7
white,2016,25512,Bronx,21.5
white,2016,30001,Broome,85.3
white,2016,24639,Cattaraugus,91.8
white,2016,29557,Cayuga,92.1
white,2016,24116,Chautauqua,92.7
white,2016,28273,Chemung,87.9
white,2016,26865,Clinton,90.2
white,2016,40813,Dutchess,79.0
white,2016,35139,Erie,78.1
white,2016,25308,Jefferson,86.5
white,2016,39742,Kings,42.8
white,2016,24974,Livingston,92.6
white,2016,30395,Madison,94.6
white,2016,35209,Monroe,76.3
white,2016,53168,Nassau,68.1
white,2016,92873,New York,56.7
white,2016,29643,Niagara,87.4
white,2016,29073,Oneida,85.6
white,2016,34484,Onondaga,79.6
white,2016,34014,Ontario,92.2
white,2016,34259,Orange,73.5
white,2016,26057,Oswego,95.7
white,2016,46474,Putnam,86.0
white,2016,35817,Queens,38.8
white,2016,35480,Rensselaer,86.2
white,2016,35699,Richmond,74.1
white,2016,39252,Rockland,69.1
white,2016,25111,St. Lawrence,93.5
white,2016,41428,Saratoga,93.2
white,2016,31586,Schenectady,77.3
white,2016,28293,Steuben,94.4
white,2016,43689,Suffolk,80.1
white,2016,31455,Sullivan,80.9
white,2016,30839,Tompkins,79.5
white,2016,35774,Ulster,84.8
white,2016,34364,Warren,96.2
white,2016,29665,Wayne,93.1
white,2016,61356,Westchester,64.5
black,2016,20046,Albany,12.4
black,2016,20323,Bronx,34.0
black,2016,12602,Broome,6.5
black,2016,7093,Cattaraugus,1.5
black,2016,9068,Cayuga,4.2
black,2016,7714,Chautauqua,2.9
black,2016,13992,Chemung,5.6
black,2016,0,Clinton,4.8
black,2016,23316,Dutchess,10.7
black,2016,18107,Erie,13.3
black,2016,19361,Jefferson,5.1
black,2016,24685,Kings,32.8
black,2016,2038,Livingston,3.1
black,2016,14645,Madison,1.8
black,2016,17305,Monroe,15.2
black,2016,32447,Nassau,11.6
black,2016,25020,New York,15.0
black,2016,16425,Niagara,6.4
black,2016,14071,Oneida,5.8
black,2016,16335,Onondaga,11.3
black,2016,12595,Ontario,2.9
black,2016,27687,Orange,10.2
black,2016,12398,Oswego,1.5
black,2016,45042,Putnam,1.5
black,2016,27363,Queens,18.1
black,2016,19702,Rensselaer,6.1
black,2016,24200,Richmond,10.3
black,2016,32239,Rockland,12.3
black,2016,3948,St. Lawrence,2.7
black,2016,27121,Saratoga,1.2
black,2016,17021,Schenectady,9.4
black,2016,18007,Steuben,1.9
black,2016,26862,Suffolk,7.4
black,2016,13696,Sullivan,7.6
black,2016,7152,Tompkins,4.5
black,2016,16839,Ulster,6.1
black,2016,20126,Warren,1.1
black,2016,18931,Wayne,2.7
black,2016,31237,Westchester,14.8
native,2016,20542,Albany,0.3
native,2016,13002,Bronx,0.6
native,2016,0,Broome,0.0
native,2016,14485,Cattaraugus,3.4
native,2016,0,Cayuga,0.2
native,2016,31740,Chautauqua,0.3
native,2016,0,Chemung,0.2
native,2016,0,Clinton,0.1
native,2016,25245,Dutchess,0.3
native,2016,15095,Erie,0.5
native,2016,16759,Jefferson,1.5
native,2016,18275,Kings,0.3
native,2016,0,Livingston,0.5
native,2016,29863,Madison,0.3
native,2016,20621,Monroe,0.4
native,2016,52782,Nassau,0.3
native,2016,30904,New York,0.3
native,2016,15781,Niagara,1.1
native,2016,0,Oneida,0.2
native,2016,32013,Onondaga,0.4
native,2016,0,Ontario,0.5
native,2016,23261,Orange,0.5
native,2016,0,Oswego,0.2
native,2016,0,Putnam,0.9
native,2016,22144,Queens,0.4
native,2016,0,Rensselaer,0.5
native,2016,0,Richmond,0.1
native,2016,60586,Rockland,0.2
native,2016,18239,St. Lawrence,0.4
native,2016,0,Saratoga,0.2
native,2016,0,Schenectady,0.2
native,2016,0,Steuben,0.1
native,2016,16243,Suffolk,0.2
native,2016,0,Sullivan,0.1
native,2016,0,Tompkins,0.3
native,2016,0,Ulster,0.1
native,2016,0,Warren,0.1
native,2016,0,Wayne,0.1
native,2016,18952,Westchester,0.3
asian,2016,34499,Albany,6.8
asian,2016,21650,Bronx,3.6
asian,2016,15463,Broome,3.6
asian,2016,0,Cattaraugus,0.7
asian,2016,30367,Cayuga,0.5
asian,2016,14943,Chautauqua,0.6
asian,2016,70821,Chemung,1.8
asian,2016,23496,Clinton,1.2
asian,2016,38446,Dutchess,3.6
asian,2016,27041,Erie,3.7
asian,2016,15935,Jefferson,1.8
asian,2016,26216,Kings,12.0
asian,2016,5443,Livingston,1.1
asian,2016,12462,Madison,1.0
asian,2016,28764,Monroe,3.5
asian,2016,44286,Nassau,9.4
asian,2016,62932,New York,12.4
asian,2016,16992,Niagara,1.0
asian,2016,27340,Oneida,4.2
asian,2016,24462,Onondaga,3.7
asian,2016,52584,Ontario,1.2
asian,2016,37165,Orange,2.8
asian,2016,20408,Oswego,0.6
asian,2016,34018,Putnam,2.2
asian,2016,24822,Queens,25.4
asian,2016,24696,Rensselaer,2.5
asian,2016,37412,Richmond,8.6
asian,2016,51702,Rockland,6.0
asian,2016,20553,St. Lawrence,1.4
asian,2016,56382,Saratoga,3.0
asian,2016,27380,Schenectady,4.4
asian,2016,60875,Steuben,1.3
asian,2016,40208,Suffolk,3.9
asian,2016,24503,Sullivan,1.6
asian,2016,23674,Tompkins,10.1
asian,2016,34883,Ulster,2.2
asian,2016,0,Warren,0.9
asian,2016,30039,Wayne,0.9
asian,2016,63538,Westchester,5.9
islander,2016,0,Albany,0.0
islander,2016,0,Bronx,0.0
islander,2016,0,Broome,0.0
islander,2016,0,Cattaraugus,0.0
islander,2016,0,Cayuga,0.0
islander,2016,0,Chautauqua,0.0
islander,2016,0,Chemung,0.0
islander,2016,0,Clinton,0.0
islander,2016,0,Dutchess,0.1
islander,2016,0,Erie,0.0
islander,2016,0,Jefferson,0.0
islander,2016,27497,Kings,0.1
islander,2016,0,Livingston,0.1
islander,2016,0,Madison,0.2
islander,2016,0,Monroe,0.0
islander,2016,35308,Nassau,0.0
islander,2016,32798,New York,0.1
islander,2016,0,Niagara,0.1
islander,2016,0,Oneida,0.0
islander,2016,0,Onondaga,0.0
islander,2016,0,Ontario,0.1
islander,2016,0,Orange,0.0
islander,2016,0,Oswego,0.1
islander,2016,0,Putnam,0.1
islander,2016,36706,Queens,0.1
islander,2016,0,Rensselaer,0.0
islander,2016,0,Richmond,0.2
islander,2016,0,Rockland,0.0
islander,2016,0,St. Lawrence,0.0
islander,2016,0,Saratoga,0.0
islander,2016,0,Schenectady,0.1
islander,2016,0,Steuben,0.0
islander,2016,33148,Suffolk,0.1
islander,2016,0,Sullivan,0.0
islander,2016,0,Tompkins,0.0
islander,2016,0,Ulster,0.0
islander,2016,0,Warren,0.1
islander,2016,0,Wayne,0.0
islander,2016,0,Westchester,0.0
other,2016,16646,Albany,1.8
other,2016,15009,Bronx,36.3
other,2016,12379,Broome,1.0
other,2016,25266,Cattaraugus,0.5
other,2016,0,Cayuga,0.7
other,2016,11323,Chautauqua,1.6
other,2016,16523,Chemung,0.9
other,2016,15212,Clinton,2.2
other,2016,27452,Dutchess,3.1
other,2016,10848,Erie,2.0
other,2016,14222,Jefferson,1.2
other,2016,16136,Kings,9.0
other,2016,22892,Livingston,1.2
other,2016,0,Madison,0.3
other,2016,17158,Monroe,1.6
other,2016,20708,Nassau,7.5
other,2016,19163,New York,10.9
other,2016,23220,Niagara,0.9
other,2016,14455,Oneida,1.1
other,2016,13421,Onondaga,1.3
other,2016,10646,Ontario,1.5
other,2016,20509,Orange,8.7
other,2016,0,Oswego,0.1
other,2016,16372,Putnam,7.1
other,2016,18714,Queens,13.7
other,2016,15133,Rensselaer,1.2
other,2016,20668,Richmond,4.7
other,2016,22422,Rockland,10.4
other,2016,0,St. Lawrence,0.4
other,2016,27356,Saratoga,0.4
other,2016,13458,Schenectady,4.6
other,2016,0,Steuben,0.5
other,2016,18805,Suffolk,6.2
other,2016,7875,Sullivan,5.8
other,2016,14496,Tompkins,1.6
other,2016,12345,Ulster,2.9
other,2016,0,Warren,0.2
other,2016,14201,Wayne,1.2
other,2016,16546,Westchester,11.1
mixed,2016,16286,Albany,4.0
mixed,2016,16624,Bronx,4.0
mixed,2016,8150,Broome,3.7
mixed,2016,11167,Cattaraugus,2.2
mixed,2016,4722,Cayuga,2.3
mixed,2016,6662,Chautauqua,2.0
mixed,2016,10954,Chemung,3.6
mixed,2016,0,Clinton,1.5
mixed,2016,14869,Dutchess,3.1
mixed,2016,13166,Erie,2.3
mixed,2016,9512,Jefferson,3.9
mixed,2016,25071,Kings,3.0
mixed,2016,0,Livingston,1.3
mixed,2016,11158,Madison,1.8
mixed,2016,13238,Monroe,2.9
mixed,2016,21243,Nassau,3.1
mixed,2016,36631,New York,4.6
mixed,2016,10754,Niagara,3.2
mixed,2016,8849,Oneida,3.2
mixed,2016,14704,Onondaga,3.6
mixed,2016,12996,Ontario,1.6
mixed,2016,14456,Orange,4.2
mixed,2016,6791,Oswego,1.8
mixed,2016,22271,Putnam,2.2
mixed,2016,21958,Queens,3.6
mixed,2016,7221,Rensselaer,3.5
mixed,2016,19043,Richmond,2.2
mixed,2016,18344,Rockland,1.9
mixed,2016,11804,St. Lawrence,1.7
mixed,2016,29037,Saratoga,2.0
mixed,2016,14824,Schenectady,4.0
mixed,2016,22602,Steuben,1.7
mixed,2016,22192,Suffolk,2.0
mixed,2016,12972,Sullivan,4.0
mixed,2016,13317,Tompkins,4.0
mixed,2016,17155,Ulster,3.9
mixed,2016,13076,Warren,1.3
mixed,2016,10321,Wayne,2.1
mixed,2016,22368,Westchester,3.3
latino,2016,22701,Albany,5.8
latino,2016,16003,Bronx,56.0
latino,2016,11959,Broome,4.1
latino,2016,12085,Cattaraugus,2.0
latino,2016,11995,Cayuga,2.9
latino,2016,9798,Chautauqua,7.5
latino,2016,14262,Chemung,3.0
latino,2016,14451,Clinton,2.9
latino,2016,26675,Dutchess,12.0
latino,2016,14920,Erie,5.3
latino,2016,12508,Jefferson,7.2
latino,2016,19270,Kings,19.2
latino,2016,13620,Livingston,3.5
latino,2016,22144,Madison,2.1
latino,2016,16934,Monroe,8.5
latino,2016,26576,Nassau,16.8
latino,2016,24422,New York,26.0
latino,2016,18573,Niagara,2.8
latino,2016,11290,Oneida,5.5
latino,2016,17052,Onondaga,4.8
latino,2016,15012,Ontario,4.5
latino,2016,24068,Orange,20.1
latino,2016,12636,Oswego,2.5
latino,2016,24698,Putnam,14.3
latino,2016,21362,Queens,28.0
latino,2016,14130,Rensselaer,4.9
latino,2016,21660,Richmond,18.4
latino,2016,21847,Rockland,17.6
latino,2016,7037,St. Lawrence,2.8
latino,2016,25248,Saratoga,3.1
latino,2016,15108,Schenectady,6.9
latino,2016,16243,Steuben,1.7
latino,2016,22431,Suffolk,19.0
latino,2016,12022,Sullivan,15.7
latino,2016,17874,Tompkins,5.0
latino,2016,16433,Ulster,10.1
latino,2016,16833,Warren,2.4
latino,2016,17115,Wayne,4.3
latino,2016,21948,Westchester,24.4
total,2017,36974,Albany,100
total,2017,20497,Bronx,100
total,2017,27117,Broome,100
total,2017,25111,Cattaraugus,100
total,2017,30178,Cayuga,100
total,2017,25357,Chautauqua,100
total,2017,25348,Chemung,100
total,2017,28153,Clinton,100
total,2017,38378,Dutchess,100
total,2017,31889,Erie,100
total,2017,23356,Jefferson,100
total,2017,32274,Kings,100
total,2017,28126,Livingston,100
total,2017,28490,Madison,100
total,2017,32183,Monroe,100
total,2017,48753,Nassau,100
total,2017,72057,New York,100
total,2017,30026,Niagara,100
total,2017,27523,Oneida,100
total,2017,32025,Onondaga,100
total,2017,35114,Ontario,100
total,2017,33488,Orange,100
total,2017,28085,Oswego,100
total,2017,47667,Putnam,100
total,2017,29857,Queens,100
total,2017,34700,Rensselaer,100
total,2017,35205,Richmond,100
total,2017,37651,Rockland,100
total,2017,24267,St. Lawrence,100
total,2017,42756,Saratoga,100
total,2017,30210,Schenectady,100
total,2017,27347,Steuben,100
total,2017,41331,Suffolk,100
total,2017,27894,Sullivan,100
total,2017,30545,Tompkins,100
total,2017,32637,Ulster,100
total,2017,34310,Warren,100
total,2017,27006,Wayne,100
total,2017,54116,Westchester,100
white,2017,42340,Albany,74.9
white,2017,28668,Bronx,22.3
white,2017,29249,Broome,85.6
white,2017,26256,Cattaraugus,92.0
white,2017,31996,Cayuga,91.4
white,2017,26472,Chautauqua,91.5
white,2017,26569,Chemung,87.6
white,2017,30341,Clinton,90.4
white,2017,41933,Dutchess,78.6
white,2017,35302,Erie,77.4
white,2017,24145,Jefferson,85.9
white,2017,42382,Kings,43.2
white,2017,29511,Livingston,92.0
white,2017,29023,Madison,94.3
white,2017,36034,Monroe,75.4
white,2017,56133,Nassau,66.9
white,2017,100123,New York,55.6
white,2017,32102,Niagara,87.7
white,2017,29706,Oneida,85.2
white,2017,36012,Onondaga,79.4
white,2017,37055,Ontario,91.6
white,2017,35569,Orange,74.2
white,2017,28542,Oswego,95.4
white,2017,48343,Putnam,87.7
white,2017,36520,Queens,37.5
white,2017,37897,Rensselaer,85.3
white,2017,38645,Richmond,73.3
white,2017,40452,Rockland,73.2
white,2017,25425,St. Lawrence,92.5
white,2017,43079,Saratoga,92.4
white,2017,33918,Schenectady,77.8
white,2017,26914,Steuben,95.0
white,2017,44595,Suffolk,80.7
white,2017,30818,Sullivan,78.8
white,2017,33226,Tompkins,80.7
white,2017,35004,Ulster,83.7
white,2017,34872,Warren,95.4
white,2017,28006,Wayne,92.7
white,2017,67008,Westchester,63.0
black,2017,18009,Albany,12.7
black,2017,20646,Bronx,35.2
black,2017,12421,Broome,5.8
black,2017,9393,Cattaraugus,1.4
black,2017,6638,Cayuga,3.7
black,2017,8396,Chautauqua,2.4
black,2017,8853,Chemung,7.4
black,2017,5207,Clinton,4.6
black,2017,23542,Dutchess,10.3
black,2017,20338,Erie,13.3
black,2017,18069,Jefferson,6.6
black,2017,24733,Kings,32.1
black,2017,10780,Livingston,3.9
black,2017,0,Madison,1.4
black,2017,18163,Monroe,15.3
black,2017,32925,Nassau,11.8
black,2017,29895,New York,14.8
black,2017,14427,Niagara,7.7
black,2017,17634,Oneida,6.3
black,2017,15447,Onondaga,11.5
black,2017,19356,Ontario,2.2
black,2017,29663,Orange,11.2
black,2017,11047,Oswego,1.1
black,2017,0,Putnam,2.5
black,2017,28540,Queens,18.1
black,2017,17021,Rensselaer,6.2
black,2017,21972,Richmond,10.7
black,2017,32512,Rockland,12.3
black,2017,3266,St. Lawrence,3.1
black,2017,30105,Saratoga,2.0
black,2017,17744,Schenectady,11.2
black,2017,19299,Steuben,1.8
black,2017,26669,Suffolk,8.3
black,2017,12622,Sullivan,10.0
black,2017,13460,Tompkins,3.6
black,2017,29881,Ulster,5.7
black,2017,0,Warren,1.4
black,2017,11361,Wayne,3.0
black,2017,31582,Westchester,14.7
native,2017,22445,Albany,0.2
native,2017,17897,Bronx,0.9
native,2017,0,Broome,0.2
native,2017,18644,Cattaraugus,3.1
native,2017,0,Cayuga,0.0
native,2017,0,Chautauqua,0.1
native,2017,0,Chemung,0.1
native,2017,0,Clinton,0.3
native,2017,0,Dutchess,0.3
native,2017,23829,Erie,0.5
native,2017,30791,Jefferson,0.6
native,2017,0,Kings,0.3
native,2017,0,Livingston,0.0
native,2017,34413,Madison,0.8
native,2017,19539,Monroe,0.5
native,2017,22224,Nassau,0.3
native,2017,19143,New York,0.3
native,2017,19310,Niagara,1.3
native,2017,42764,Oneida,0.2
native,2017,10313,Onondaga,0.4
native,2017,0,Ontario,0.4
native,2017,27319,Orange,0.4
native,2017,11601,Oswego,0.2
native,2017,0,Putnam,0.0
native,2017,23004,Queens,0.4
native,2017,6627,Rensselaer,0.1
native,2017,22984,Richmond,0.2
native,2017,24075,Rockland,0.2
native,2017,12298,St. Lawrence,0.4
native,2017,40033,Saratoga,0.3
native,2017,0,Schenectady,0.2
native,2017,14458,Steuben,0.1
native,2017,35830,Suffolk,0.2
native,2017,0,Sullivan,0.2
native,2017,0,Tompkins,0.0
native,2017,15539,Ulster,0.3
native,2017,0,Warren,0.1
native,2017,0,Wayne,0.2
native,2017,18774,Westchester,0.5
asian,2017,30714,Albany,6.8
asian,2017,20037,Bronx,3.9
asian,2017,21589,Broome,4.6
asian,2017,10680,Cattaraugus,1.0
asian,2017,32621,Cayuga,0.5
asian,2017,48010,Chautauqua,0.6
asian,2017,51994,Chemung,2.0
asian,2017,17006,Clinton,1.4
asian,2017,40712,Dutchess,4.0
asian,2017,26332,Erie,3.7
asian,2017,42704,Jefferson,1.4
asian,2017,26888,Kings,12.3
asian,2017,0,Livingston,0.5
asian,2017,8185,Madison,1.1
asian,2017,36427,Monroe,4.0
asian,2017,46726,Nassau,9.8
asian,2017,61469,New York,12.5
asian,2017,11929,Niagara,0.9
asian,2017,13249,Oneida,4.6
asian,2017,21248,Onondaga,4.2
asian,2017,15918,Ontario,1.4
asian,2017,40803,Orange,2.5
asian,2017,0,Oswego,0.8
asian,2017,69014,Putnam,1.9
asian,2017,26760,Queens,26.2
asian,2017,22251,Rensselaer,2.8
asian,2017,30769,Richmond,9.5
asian,2017,42657,Rockland,6.1
asian,2017,22521,St. Lawrence,1.2
asian,2017,57487,Saratoga,3.0
asian,2017,19704,Schenectady,4.9
asian,2017,88158,Steuben,1.4
asian,2017,36207,Suffolk,4.0
asian,2017,22758,Sullivan,1.8
asian,2017,23072,Tompkins,11.0
asian,2017,25712,Ulster,2.4
asian,2017,0,Warren,0.9
asian,2017,0,Wayne,0.6
asian,2017,61769,Westchester,6.2
islander,2017,0,Albany,0.0
islander,2017,24888,Bronx,0.1
islander,2017,0,Broome,0.0
islander,2017,0,Cattaraugus,0.0
islander,2017,0,Cayuga,0.0
islander,2017,0,Chautauqua,0.0
islander,2017,0,Chemung,0.0
islander,2017,0,Clinton,0.2
islander,2017,0,Dutchess,0.0
islander,2017,0,Erie,0.0
islander,2017,0,Jefferson,0.3
islander,2017,54034,Kings,0.0
islander,2017,0,Livingston,0.0
islander,2017,0,Madison,0.0
islander,2017,0,Monroe,0.0
islander,2017,0,Nassau,0.0
islander,2017,52243,New York,0.1
islander,2017,0,Niagara,0.0
islander,2017,0,Oneida,0.0
islander,2017,0,Onondaga,0.0
islander,2017,0,Ontario,0.0
islander,2017,0,Orange,0.1
islander,2017,0,Oswego,0.0
islander,2017,0,Putnam,0.0
islander,2017,30921,Queens,0.1
islander,2017,0,Rensselaer,0.1
islander,2017,0,Richmond,0.0
islander,2017,0,Rockland,0.0
islander,2017,0,St. Lawrence,0.1
islander,2017,0,Saratoga,0.0
islander,2017,0,Schenectady,0.0
islander,2017,0,Steuben,0.0
islander,2017,0,Suffolk,0.0
islander,2017,0,Sullivan,0.0
islander,2017,0,Tompkins,0.1
islander,2017,0,Ulster,0.0
islander,2017,0,Warren,0.0
islander,2017,0,Wayne,0.0
islander,2017,0,Westchester,0.1
other,2017,14846,Albany,1.4
other,2017,15071,Bronx,34.4
other,2017,8423,Broome,0.7
other,2017,0,Cattaraugus,0.3
other,2017,13500,Cayuga,0.7
other,2017,12710,Chautauqua,2.9
other,2017,0,Chemung,0.8
other,2017,6247,Clinton,1.7
other,2017,17657,Dutchess,3.4
other,2017,18190,Erie,2.2
other,2017,13061,Jefferson,1.3
other,2017,17201,Kings,9.1
other,2017,15319,Livingston,1.3
other,2017,0,Madison,0.8
other,2017,16418,Monroe,1.7
other,2017,23526,Nassau,8.0
other,2017,21966,New York,12.0
other,2017,21090,Niagara,0.7
other,2017,11506,Oneida,1.8
other,2017,18773,Onondaga,0.8
other,2017,12937,Ontario,2.2
other,2017,23577,Orange,8.3
other,2017,0,Oswego,0.4
other,2017,21555,Putnam,4.1
other,2017,21524,Queens,14.4
other,2017,13993,Rensselaer,1.4
other,2017,25709,Richmond,4.2
other,2017,12157,Rockland,5.4
other,2017,14068,St. Lawrence,1.4
other,2017,9027,Saratoga,0.4
other,2017,10825,Schenectady,2.7
other,2017,0,Steuben,0.3
other,2017,22266,Suffolk,4.5
other,2017,14866,Sullivan,6.4
other,2017,1884,Tompkins,0.8
other,2017,13375,Ulster,3.5
other,2017,0,Warren,0.2
other,2017,13038,Wayne,1.1
other,2017,20516,Westchester,12.7
mixed,2017,15751,Albany,4.0
mixed,2017,21242,Bronx,3.3
mixed,2017,9202,Broome,3.2
mixed,2017,6056,Cattaraugus,2.2
mixed,2017,11098,Cayuga,3.6
mixed,2017,10036,Chautauqua,2.5
mixed,2017,13828,Chemung,2.2
mixed,2017,5170,Clinton,1.4
mixed,2017,20095,Dutchess,3.3
mixed,2017,11598,Erie,2.8
mixed,2017,9859,Jefferson,3.9
mixed,2017,31799,Kings,3.0
mixed,2017,10785,Livingston,2.3
mixed,2017,0,Madison,1.5
mixed,2017,13391,Monroe,3.1
mixed,2017,24198,Nassau,3.2
mixed,2017,33447,New York,4.7
mixed,2017,15019,Niagara,1.7
mixed,2017,10367,Oneida,2.0
mixed,2017,14965,Onondaga,3.6
mixed,2017,9043,Ontario,2.2
mixed,2017,19496,Orange,3.2
mixed,2017,16336,Oswego,2.1
mixed,2017,23707,Putnam,3.7
mixed,2017,23038,Queens,3.3
mixed,2017,11214,Rensselaer,4.2
mixed,2017,22269,Richmond,2.0
mixed,2017,25894,Rockland,2.7
mixed,2017,9284,St. Lawrence,1.2
mixed,2017,25263,Saratoga,1.9
mixed,2017,15967,Schenectady,3.2
mixed,2017,9225,Steuben,1.3
mixed,2017,26311,Suffolk,2.2
mixed,2017,34923,Sullivan,2.9
mixed,2017,16486,Tompkins,3.7
mixed,2017,11421,Ulster,4.4
mixed,2017,4882,Warren,2.0
mixed,2017,5456,Wayne,2.4
mixed,2017,24431,Westchester,2.8
latino,2017,19236,Albany,6.0
latino,2017,17167,Bronx,56.2
latino,2017,11033,Broome,4.3
latino,2017,6034,Cattaraugus,2.1
latino,2017,10532,Cayuga,3.0
latino,2017,12886,Chautauqua,7.6
latino,2017,8253,Chemung,3.1
latino,2017,7547,Clinton,3.0
latino,2017,23879,Dutchess,12.3
latino,2017,16900,Erie,5.5
latino,2017,13931,Jefferson,7.6
latino,2017,21064,Kings,19.1
latino,2017,13645,Livingston,3.6
latino,2017,35436,Madison,2.2
latino,2017,15929,Monroe,8.8
latino,2017,26463,Nassau,17.2
latino,2017,29938,New York,26.1
latino,2017,14426,Niagara,2.9
latino,2017,16691,Oneida,5.8
latino,2017,15801,Onondaga,4.9
latino,2017,12920,Ontario,4.8
latino,2017,24505,Orange,20.6
latino,2017,17566,Oswego,2.6
latino,2017,32708,Putnam,15.1
latino,2017,23194,Queens,28.0
latino,2017,19897,Rensselaer,5.0
latino,2017,23933,Richmond,18.6
latino,2017,23058,Rockland,18.0
latino,2017,12007,St. Lawrence,2.4
latino,2017,25213,Saratoga,3.2
latino,2017,13725,Schenectady,7.0
latino,2017,17926,Steuben,1.7
latino,2017,26022,Suffolk,19.5
latino,2017,14864,Sullivan,16.2
latino,2017,19280,Tompkins,5.0
latino,2017,16796,Ulster,10.3
latino,2017,24535,Warren,2.6
latino,2017,13046,Wayne,4.5
latino,2017,24069,Westchester,24.9
total,2018,37371,Rockland,100
total,2018,29049,Sullivan,100
total,2018,35400,Ulster,100
total,2018,28421,Madison,100
total,2018,31866,Queens,100
total,2018,56893,Westchester,100
total,2018,33270,Warren,100
total,2018,33106,Wayne,100
total,2018,21712,Bronx,100
total,2018,28097,Broome,100
total,2018,38897,Dutchess,100
total,2018,29880,Steuben,100
total,2018,33325,Onondaga,100
total,2018,36344,Ontario,100
total,2018,30185,Chemung,100
total,2018,26769,Jefferson,100
total,2018,36931,Albany,100
total,2018,32795,Erie,100
total,2018,50397,Nassau,100
total,2018,34279,Orange,100
total,2018,34381,Rensselaer,100
total,2018,25964,Chautauqua,100
total,2018,27980,Clinton,100
total,2018,74911,New York,100
total,2018,43386,Saratoga,100
total,2018,25133,Cattaraugus,100
total,2018,32970,Monroe,100
total,2018,32370,Tompkins,100
total,2018,27883,Oneida,100
total,2018,29304,Oswego,100
total,2018,32240,Niagara,100
total,2018,46846,Putnam,100
total,2018,28134,Livingston,100
total,2018,43905,Suffolk,100
total,2018,25682,St. Lawrence,100
total,2018,29116,Cayuga,100
total,2018,34709,Kings,100
total,2018,35966,Richmond,100
total,2018,31851,Schenectady,100
white,2018,39400,Rockland,0
white,2018,31193,Sullivan,0
white,2018,39348,Ulster,0
white,2018,29139,Madison,94
white,2018,38723,Queens,0
white,2018,70067,Westchester,0
white,2018,0,Warren,0
white,2018,34209,Wayne,0
white,2018,28331,Bronx,0
white,2018,29457,Broome,0
white,2018,41830,Dutchess,78
white,2018,29812,Steuben,0
white,2018,36780,Onondaga,0
white,2018,37297,Ontario,0
white,2018,31912,Chemung,0
white,2018,27303,Jefferson,0
white,2018,41031,Albany,0
white,2018,36431,Erie,0
white,2018,57021,Nassau,0
white,2018,37084,Orange,0
white,2018,36729,Rensselaer,0
white,2018,27153,Chautauqua,0
white,2018,29971,Clinton,0
white,2018,103192,New York,0
white,2018,44052,Saratoga,0
white,2018,25740,Cattaraugus,0
white,2018,36953,Monroe,0
white,2018,36069,Tompkins,0
white,2018,29661,Oneida,0
white,2018,30154,Oswego,0
white,2018,34101,Niagara,0
white,2018,48200,Putnam,0
white,2018,29511,Livingston,0
white,2018,47239,Suffolk,0
white,2018,26721,St. Lawrence,0
white,2018,30861,Cayuga,0
white,2018,45225,Kings,0
white,2018,39388,Richmond,0
white,2018,35328,Schenectady,0
black,2018,34626,Rockland,12
black,2018,16948,Sullivan,0
black,2018,15928,Ulster,6
black,2018,5676,Madison,0
black,2018,30154,Queens,0
black,2018,33470,Westchester,0
black,2018,0,Warren,0
black,2018,18918,Wayne,0
black,2018,22154,Bronx,0
black,2018,15718,Broome,0
black,2018,28852,Dutchess,11
black,2018,54423,Steuben,0
black,2018,17947,Onondaga,0
black,2018,42059,Ontario,0
black,2018,15157,Chemung,0
black,2018,17904,Jefferson,6
black,2018,19367,Albany,0
black,2018,19803,Erie,0
black,2018,38236,Nassau,0
black,2018,28363,Orange,0
black,2018,27898,Rensselaer,0
black,2018,11686,Chautauqua,0
black,2018,0,Clinton,0
black,2018,28901,New York,0
black,2018,24740,Saratoga,0
black,2018,11763,Cattaraugus,0
black,2018,20868,Monroe,0
black,2018,21116,Tompkins,0
black,2018,21821,Oneida,0
black,2018,9179,Oswego,0
black,2018,22287,Niagara,0
black,2018,78139,Putnam,0
black,2018,6891,Livingston,0
black,2018,29207,Suffolk,0
black,2018,0,St. Lawrence,0
black,2018,5754,Cayuga,0
black,2018,26793,Kings,32
black,2018,26247,Richmond,0
black,2018,22090,Schenectady,0
native,2018,0,Rockland,0
native,2018,0,Sullivan,0
native,2018,21134,Ulster,0
native,2018,0,Madison,0
native,2018,23975,Queens,0
native,2018,42077,Westchester,0
native,2018,0,Warren,0
native,2018,0,Wayne,0
native,2018,16304,Bronx,0
native,2018,40758,Broome,0
native,2018,21726,Dutchess,0
native,2018,0,Steuben,0
native,2018,21096,Onondaga,0
native,2018,0,Ontario,0
native,2018,0,Chemung,0
native,2018,11509,Jefferson,0
native,2018,0,Albany,0
native,2018,15345,Erie,0
native,2018,19221,Nassau,0
native,2018,18545,Orange,0
native,2018,27982,Rensselaer,0
native,2018,11405,Chautauqua,0
native,2018,0,Clinton,0
native,2018,26810,New York,0
native,2018,33926,Saratoga,0
native,2018,20523,Cattaraugus,0
native,2018,17031,Monroe,0
native,2018,0,Tompkins,0
native,2018,0,Oneida,0
native,2018,0,Oswego,0
native,2018,24405,Niagara,0
native,2018,0,Putnam,0
native,2018,0,Livingston,0
native,2018,16537,Suffolk,0
native,2018,30501,St. Lawrence,0
native,2018,0,Cayuga,0
native,2018,25799,Kings,0
native,2018,0,Richmond,0
native,2018,23918,Schenectady,1
asian,2018,47879,Rockland,6
asian,2018,25003,Sullivan,0
asian,2018,8180,Ulster,0
asian,2018,29900,Madison,0
asian,2018,29435,Queens,0
asian,2018,60993,Westchester,0
asian,2018,0,Warren,0
asian,2018,40980,Wayne,0
asian,2018,25068,Bronx,0
asian,2018,29125,Broome,0
asian,2018,51721,Dutchess,0
asian,2018,41192,Steuben,0
asian,2018,29824,Onondaga,0
asian,2018,29672,Ontario,0
asian,2018,58662,Chemung,0
asian,2018,32062,Jefferson,0
asian,2018,39743,Albany,7
asian,2018,27785,Erie,0
asian,2018,48351,Nassau,10
asian,2018,47083,Orange,0
asian,2018,17181,Rensselaer,0
asian,2018,31329,Chautauqua,0
asian,2018,19798,Clinton,0
asian,2018,73255,New York,0
asian,2018,53085,Saratoga,0
asian,2018,44475,Cattaraugus,0
asian,2018,26621,Monroe,0
asian,2018,22472,Tompkins,0
asian,2018,16588,Oneida,0
asian,2018,18016,Oswego,0
asian,2018,27661,Niagara,0
asian,2018,37169,Putnam,2
asian,2018,29855,Livingston,0
asian,2018,41399,Suffolk,4
asian,2018,19598,St. Lawrence,1
asian,2018,19190,Cayuga,0
asian,2018,30968,Kings,0
asian,2018,31237,Richmond,0
asian,2018,28737,Schenectady,0
islander,2018,0,Rockland,0
islander,2018,0,Sullivan,0
islander,2018,0,Ulster,0
islander,2018,0,Madison,0
islander,2018,0,Queens,0
islander,2018,0,Westchester,0
islander,2018,0,Warren,0
islander,2018,0,Wayne,0
islander,2018,11400,Bronx,0
islander,2018,0,Broome,0
islander,2018,0,Dutchess,0
islander,2018,0,Steuben,0
islander,2018,0,Onondaga,0
islander,2018,0,Ontario,0
islander,2018,0,Chemung,0
islander,2018,0,Jefferson,0
islander,2018,0,Albany,0
islander,2018,0,Erie,0
islander,2018,15416,Nassau,0
islander,2018,0,Orange,0
islander,2018,0,Rensselaer,0
islander,2018,0,Chautauqua,0
islander,2018,0,Clinton,0
islander,2018,27915,New York,0
islander,2018,0,Saratoga,0
islander,2018,0,Cattaraugus,0
islander,2018,0,Monroe,0
islander,2018,0,Tompkins,0
islander,2018,0,Oneida,0
islander,2018,0,Oswego,0
islander,2018,0,Niagara,0
islander,2018,0,Putnam,0
islander,2018,0,Livingston,0
islander,2018,0,Suffolk,0
islander,2018,0,St. Lawrence,0
islander,2018,0,Cayuga,0
islander,2018,9831,Kings,0
islander,2018,0,Richmond,0
islander,2018,0,Schenectady,0
other,2018,21949,Rockland,0
other,2018,22688,Sullivan,0
other,2018,21792,Ulster,0
other,2018,0,Madison,0
other,2018,22057,Queens,0
other,2018,24129,Westchester,0
other,2018,0,Warren,0
other,2018,25178,Wayne,1
other,2018,16158,Bronx,0
other,2018,15477,Broome,0
other,2018,19536,Dutchess,0
other,2018,10382,Steuben,0
other,2018,24024,Onondaga,0
other,2018,14001,Ontario,0
other,2018,17259,Chemung,0
other,2018,32324,Jefferson,0
other,2018,40449,Albany,0
other,2018,17376,Erie,0
other,2018,22065,Nassau,0
other,2018,22451,Orange,0
other,2018,21734,Rensselaer,0
other,2018,12862,Chautauqua,0
other,2018,7455,Clinton,3
other,2018,18358,New York,0
other,2018,22359,Saratoga,0
other,2018,15114,Cattaraugus,0
other,2018,19273,Monroe,2
other,2018,5870,Tompkins,0
other,2018,10737,Oneida,0
other,2018,0,Oswego,0
other,2018,12888,Niagara,0
other,2018,24819,Putnam,0
other,2018,14754,Livingston,0
other,2018,22016,Suffolk,0
other,2018,5969,St. Lawrence,0
other,2018,11431,Cayuga,0
other,2018,18523,Kings,0
other,2018,21741,Richmond,0
other,2018,17768,Schenectady,0
mixed,2018,17828,Rockland,0
mixed,2018,17358,Sullivan,3
mixed,2018,13511,Ulster,0
mixed,2018,21785,Madison,0
mixed,2018,26664,Queens,0
mixed,2018,25763,Westchester,3
mixed,2018,0,Warren,0
mixed,2018,6948,Wayne,0
mixed,2018,24317,Bronx,0
mixed,2018,13571,Broome,0
mixed,2018,15564,Dutchess,0
mixed,2018,8975,Steuben,0
mixed,2018,14958,Onondaga,0
mixed,2018,15419,Ontario,0
mixed,2018,5560,Chemung,0
mixed,2018,24832,Jefferson,0
mixed,2018,14708,Albany,0
mixed,2018,16243,Erie,0
mixed,2018,27635,Nassau,0
mixed,2018,16663,Orange,0
mixed,2018,8956,Rensselaer,4
mixed,2018,12307,Chautauqua,2
mixed,2018,21057,Clinton,0
mixed,2018,40377,New York,0
mixed,2018,27856,Saratoga,0
mixed,2018,13457,Cattaraugus,0
mixed,2018,13734,Monroe,3
mixed,2018,10177,Tompkins,0
mixed,2018,12007,Oneida,0
mixed,2018,14273,Oswego,2
mixed,2018,8978,Niagara,0
mixed,2018,0,Putnam,0
mixed,2018,0,Livingston,2
mixed,2018,22653,Suffolk,0
mixed,2018,8992,St. Lawrence,0
mixed,2018,9372,Cayuga,0
mixed,2018,30469,Kings,0
mixed,2018,18102,Richmond,0
mixed,2018,9043,Schenectady,0
latino,2018,28303,Rockland,0
latino,2018,20707,Sullivan,0
latino,2018,17533,Ulster,0
latino,2018,10225,Madison,0
latino,2018,24007,Queens,0
latino,2018,29589,Westchester,0
latino,2018,0,Warren,0
latino,2018,18694,Wayne,0
latino,2018,17847,Bronx,0
latino,2018,16218,Broome,0
latino,2018,22326,Dutchess,0
latino,2018,16607,Steuben,0
latino,2018,17034,Onondaga,0
latino,2018,15206,Ontario,5
latino,2018,25668,Chemung,0
latino,2018,19754,Jefferson,0
latino,2018,23086,Albany,0
latino,2018,18945,Erie,0
latino,2018,27988,Nassau,0
latino,2018,23604,Orange,21
latino,2018,14675,Rensselaer,0
latino,2018,12420,Chautauqua,0
latino,2018,9506,Clinton,0
latino,2018,27252,New York,0
latino,2018,28545,Saratoga,0
latino,2018,22413,Cattaraugus,0
latino,2018,17720,Monroe,9
latino,2018,20894,Tompkins,0
latino,2018,15699,Oneida,0
latino,2018,23421,Oswego,0
latino,2018,19846,Niagara,0
latino,2018,28780,Putnam,0
latino,2018,8129,Livingston,0
latino,2018,26695,Suffolk,0
latino,2018,8069,St. Lawrence,0
latino,2018,9314,Cayuga,3
latino,2018,22805,Kings,0
latino,2018,24621,Richmond,0
latino,2018,13621,Schenectady,0
